segment_id,label
0,Other
1,Other
2,Other
3,Other
4,Other
5,Other
6,Other
7,Other
8,Other
9,Other
10,Other
11,Other
12,Other
13,Other
14,Other
15,Other
16,Other
17,Other
18,Other
19,Other
20,Other
21,Other
22,Other
23,Other
24,Other
25,Other
26,Other
27,Other
28,Other
29,Other
30,Other
31,Other
32,Other
33,Other
34,Other
35,Other
36,Other
37,Other
38,Other
39,Other
40,Other
41,Other
42,Other
43,Other
44,Other
45,Other
46,Other
47,Other
48,Other
49,Other
50,Other
51,Other
52,Other
53,Other
54,Other
55,Other
56,Other
57,Other
58,Other
59,Other
60,Other
61,Other
62,Other
63,Other
64,Other
65,Other
66,Other
67,Other
68,Other
69,Other
70,Other
71,Other
72,Other
73,Other
74,Other
75,Other
76,Other
77,Other
78,Other
79,Other
80,Other
81,Other
82,Other
83,Other
84,Other
85,Other
86,Other
87,Other
88,Other
89,Other
90,Other
91,Other
92,Other
93,Other
94,Other
95,Other
96,Other
97,Other
98,Other
99,Other
100,Other
101,Other
102,Other
103,Other
104,Other
105,Other
106,Other
107,Other
108,Other
109,Other
110,Other
111,Other
112,Other
113,Other
114,Other
115,Other
116,Other
117,Other
118,Other
119,Other
120,Other
121,Other
122,Other
123,Other
124,Other
125,Other
126,Other
127,Other
128,Other
129,Other
130,Other
131,Other
132,Other
133,Other
134,Other
135,Other
136,Other
137,Other
138,Other
139,Other
140,Other
141,Other
142,Other
143,Other
144,Other
145,Other
146,Other
147,Other
148,Other
149,Other
150,Other
151,Other
152,Other
153,Other
154,Other
155,Other
156,Other
157,Other
158,Other
159,Other
160,Other
161,Other
162,Other
163,Other
164,Other
165,Other
166,Other
167,Other
168,Other
169,Other
170,Other
171,Other
172,Other
173,Other
174,Other
175,Other
176,Other
177,Other
178,Other
179,Other
180,Other
181,Other
182,Other
183,Other
184,Other
185,Other
186,Other
187,Other
188,Other
189,Other
190,Other
191,Other
192,Other
193,Other
194,Other
195,Other
196,Other
197,Other
198,Other
199,Other
200,Other
201,Other
202,Other
203,Other
204,Other
205,Other
206,Other
207,Other
208,Other
209,Other
210,Other
211,Other
212,Other
213,Other
214,Other
215,Other
216,Other
217,Other
218,Other
219,Other
220,Other
221,Other
222,Other
223,Other
224,Other
225,Other
226,Other
227,Other
228,Other
229,Other
230,Other
231,Other
232,Other
233,Other
234,Other
235,Other
236,Other
237,Other
238,Other
239,Other
240,Other
241,Other
242,Other
243,Other
244,Other
245,Other
246,Other
247,Other
248,Other
249,Other
250,Other
251,Other
252,Other
253,Other
254,Other
255,Other
256,Other
257,Other
258,Other
259,Other
260,Other
261,Other
262,Other
263,Other
264,Other
265,Other
266,Other
267,Other
268,Other
269,Other
270,Other
271,Other
272,Other
273,Other
274,Other
275,Other
276,Other
277,Other
278,Other
279,Other
280,Other
281,Other
282,Other
283,Other
284,Other
285,Other
286,Other
287,Other
288,Other
289,Other
290,Other
291,Other
292,Other
293,Other
294,Other
295,Other
296,Other
297,Other
298,Other
299,Other
300,Other
301,Other
302,Other
303,Other
304,Other
305,Other
306,Other
307,Other
308,Turnout
309,Turnout
310,Turnout
311,Turnout
312,Turnout
313,Turnout
314,Turnout
315,Turnout
316,Turnout
317,Turnout
318,Turnout
319,Turnout
320,Turnout
321,Other
322,Other
323,Other
324,Other
325,Other
326,Other
327,Other
328,Other
329,Other
330,Other
331,Other
332,Other
333,Other
334,Other
335,Other
336,Other
337,Other
338,Other
339,Other
340,Other
341,Other
342,Other
343,Other
344,Other
345,Other
346,Other
347,Other
348,Other
349,Other
350,Other
351,Other
352,Other
353,Other
354,Other
355,Other
356,Other
357,Other
358,Other
359,Other
360,Other
361,Other
362,Other
363,Other
364,Other
365,Other
366,Other
367,Other
368,Other
369,Other
370,Other
371,Other
372,Other
373,Other
374,Other
375,Other
376,Other
377,Other
378,Other
379,Other
380,Other
381,Other
382,Other
383,Other
384,Other
385,Other
386,Other
387,Other
388,Other
389,Other
390,Other
391,Other
392,Other
393,Other
394,Other
395,Other
396,Other
397,Other
398,Other
399,Other
400,Other
401,Other
402,Other
403,Other
404,Other
405,Other
406,Other
407,Other
408,Other
409,Other
410,Other
411,Other
412,Other
413,Other
414,Other
415,Other
416,Other
417,Other
418,Other
419,Other
420,Other
421,Other
422,Other
423,Other
424,Other
425,Other
426,Other
427,Other
428,Other
429,Other
430,Other
431,Other
432,Other
433,Other
434,Turnout
435,Turnout
436,Turnout
437,Turnout
438,Turnout
439,Turnout
440,Turnout
441,Turnout
442,Turnout
443,Turnout
444,Turnout
445,Turnout
446,Turnout
447,Other
448,Other
449,Other
450,Other
451,Other
452,Other
453,Other
454,Other
455,Other
456,Other
457,Other
458,Other
459,Other
460,Other
461,Other
462,Other
463,Other
464,Other
465,Other
466,Other
467,Other
468,Other
469,Other
470,Other
471,Other
472,Other
473,Other
474,Other
475,Other
476,Other
477,Other
478,Other
479,Other
480,Other
481,Other
482,Other
483,Other
484,Other
485,Other
486,Other
487,Turnout
488,Turnout
489,Turnout
490,Turnout
491,Turnout
492,Turnout
493,Turnout
494,Turnout
495,Turnout
496,Turnout
497,Turnout
498,Turnout
499,Turnout
500,Turnout
501,Turnout
502,Turnout
503,Turnout
504,Turnout
505,Turnout
506,Turnout
507,Turnout
508,Turnout
509,Turnout
510,Turnout
511,Turnout
512,Turnout
513,Turnout
514,Turnout
515,Turnout
516,Turnout
517,Other
518,Other
519,Other
520,Other
521,Other
522,Other
523,Other
524,Other
525,Other
526,Other
527,Other
528,Other
529,Other
530,Other
531,Other
532,Other
533,Other
534,Other
535,Other
536,Other
537,Other
538,Other
539,Other
540,Other
541,Other
542,Other
543,Other
544,Other
545,Other
546,Other
547,Other
548,Other
549,Other
550,Other
551,Other
552,Other
553,Other
554,Other
555,Other
556,Other
557,Other
558,Other
559,Other
560,Other
561,Other
562,Other
563,Other
564,Other
565,Other
566,Other
567,Other
568,Other
569,Other
570,Other
571,Other
572,Other
573,Other
574,Other
575,Other
576,Other
577,Other
578,Other
579,Other
580,Other
581,Other
582,Other
583,Other
584,Other
585,Other
586,Other
587,Other
588,Other
589,Other
590,Other
591,Other
592,Other
593,Other
594,Other
595,Other
596,Other
597,Other
598,Other
599,Other
600,Other
601,Other
602,Other
603,Other
604,Other
605,Other
606,Other
607,Other
608,Other
609,Other
610,Other
611,Other
612,Other
613,Other
614,Other
615,Other
616,Other
617,Other
618,Other
619,Other
620,Other
621,Other
622,Other
623,Other
624,Other
625,Other
626,Other
627,Other
628,Other
629,Other
630,Other
631,Other
632,Other
633,Other
634,Other
635,Other
636,Other
637,Other
638,Other
639,Other
640,Other
641,Other
642,Other
643,Other
644,Other
645,Other
646,Other
647,Other
648,Other
649,Other
650,Other
651,Other
652,Other
653,Other
654,Other
655,Other
656,Other
657,Other
658,Other
659,Other
660,Other
661,Other
662,Other
663,Other
664,Other
665,Other
666,Other
667,Other
668,Other
669,Other
670,Other
671,Other
672,Other
673,Other
674,Other
675,Other
676,Other
677,Other
678,Other
679,Other
680,Other
681,Other
682,Other
683,Other
684,Other
685,Other
686,Other
687,Other
688,Other
689,Other
690,Other
691,Other
692,Other
693,Other
694,Other
695,Other
696,Other
697,Other
698,Other
699,Other
700,Other
701,Other
702,Other
703,Other
704,Other
705,Other
706,Other
707,Other
708,Other
709,Other
710,Other
711,Other
712,Other
713,Other
714,Other
715,Other
716,Other
717,Other
718,Other
719,Other
720,Other
721,Other
722,Other
723,Other
724,Other
725,Other
726,Other
727,Other
728,Other
729,Other
730,Other
731,Other
732,Other
733,Other
734,Other
735,Other
736,Other
737,Other
738,Other
739,Other
740,Other
741,Other
742,Other
743,Other
744,Other
745,Other
746,Other
747,Other
748,Other
749,Other
750,Other
751,Other
752,Other
753,Other
754,Other
755,Other
756,Other
757,Other
758,Other
759,Other
760,Other
761,Other
762,Other
763,Other
764,Other
765,Other
766,Other
767,Other
768,Other
769,Other
770,Other
771,Other
772,Other
773,Other
774,Other
775,Other
776,Other
777,Other
778,Other
779,Other
780,Other
781,Other
782,Other
783,Other
784,Other
785,Other
786,Other
787,Other
788,Other
789,Other
790,Other
791,Other
792,Other
793,Other
794,Other
795,Other
796,Other
797,Other
798,Other
799,Other
800,Other
801,Other
802,Other
803,Other
804,Other
805,Other
806,Other
807,Other
808,Other
809,Other
810,Other
811,Other
812,Other
813,Other
814,Other
815,Other
816,Other
817,Other
818,Other
819,Other
820,Other
821,Other
822,Other
823,Other
824,Other
825,Other
826,Other
827,Other
828,Other
829,Other
830,Other
831,Other
832,Other
833,Other
834,Other
835,Other
836,Other
837,Other
838,Other
839,Other
840,Other
841,Other
842,Other
843,Other
844,Other
845,Other
846,Other
847,Other
848,Other
849,Other
850,Other
851,Other
852,Other
853,Other
854,Other
855,Other
856,Other
857,Other
858,Other
859,Other
860,Other
861,Other
862,Other
863,Other
864,Other
865,Other
866,Other
867,Other
868,Other
869,Other
870,Other
871,Other
872,Other
873,Other
874,Other
875,Other
876,Other
877,Other
878,Other
879,Other
880,Other
881,Other
882,Other
883,Other
884,Other
885,Other
886,Other
887,Other
888,Other
889,Other
890,Other
891,Other
892,Other
893,Other
894,Other
895,Other
896,Other
897,Other
898,Other
899,Other
900,Other
901,Other
902,Other
903,Other
904,Other
905,Other
906,Other
907,Other
908,Other
909,Other
910,Other
911,Other
912,Other
913,Other
914,Other
915,Other
916,Other
917,Other
918,Other
919,Other
920,Other
921,Other
922,Other
923,Other
924,Other
925,Other
926,Other
927,Other
928,Other
929,Other
930,Other
931,Other
932,Other
933,Other
934,Other
935,Other
936,Other
937,Other
938,Other
939,Other
940,Other
941,Other
942,Other
943,Other
944,Other
945,Other
946,Other
947,Other
948,Other
949,Other
950,Other
951,Other
952,Other
953,Other
954,Other
955,Other
956,Other
957,Other
958,Other
959,Other
960,Other
961,Other
962,Other
963,Other
964,Other
965,Other
966,Other
967,Other
968,Other
969,Other
970,Other
971,Other
972,Other
973,Other
974,Other
975,Other
976,Other
977,Other
978,Other
979,Other
980,Other
981,Other
982,Other
983,Other
984,Other
985,Other
986,Other
987,Other
988,Other
989,Other
990,Other
991,Other
992,Other
993,Other
994,Other
995,Other
996,Other
997,Other
998,Other
999,Other
1000,Other
1001,Other
1002,Other
1003,Other
1004,Other
1005,Other
1006,Other
1007,Other
1008,Other
1009,Other
1010,Other
1011,Other
1012,Other
1013,Other
1014,Other
1015,Other
1016,Other
1017,Other
1018,Other
1019,Other
1020,Other
1021,Other
1022,Other
1023,Other
1024,Other
1025,Other
1026,Other
1027,Other
1028,Other
1029,Other
1030,Other
1031,Other
1032,Other
1033,Other
1034,Other
1035,Other
1036,Other
1037,Other
1038,Other
1039,Other
1040,Other
1041,Other
1042,Other
1043,Other
1044,Other
1045,Other
1046,Other
1047,Other
1048,Other
1049,Other
1050,Other
1051,Other
1052,Other
1053,Other
1054,Other
1055,Other
1056,Other
1057,Other
1058,Turnout
1059,Turnout
1060,Turnout
1061,Turnout
1062,Turnout
1063,Turnout
1064,Turnout
1065,Turnout
1066,Other
1067,Other
1068,Other
1069,Other
1070,Other
1071,Other
1072,Other
1073,Other
1074,Other
1075,Other
1076,Other
1077,Other
1078,Turnout
1079,Turnout
1080,Turnout
1081,Turnout
1082,Turnout
1083,Turnout
1084,Turnout
1085,Turnout
1086,Other
1087,Other
1088,Other
1089,Other
1090,Other
1091,Other
1092,Other
1093,Other
1094,Other
1095,Other
1096,Other
1097,Other
1098,Other
1099,Other
1100,Other
1101,Other
1102,Other
1103,Other
1104,Other
1105,Other
1106,Other
1107,Other
1108,Other
1109,Other
1110,Other
1111,Other
1112,Other
1113,Other
1114,Other
1115,Other
1116,Other
1117,Other
1118,Other
1119,Other
1120,Other
1121,Other
1122,Other
1123,Other
1124,Other
1125,Other
1126,Other
1127,Other
1128,Other
1129,Other
1130,Other
1131,Other
1132,Other
1133,Other
1134,Other
1135,Other
1136,Other
1137,Other
1138,Bridge
1139,Bridge
1140,Bridge
1141,Bridge
1142,Bridge
1143,Bridge
1144,Bridge
1145,Other
1146,Other
1147,Other
1148,Other
1149,Other
1150,Other
1151,Other
1152,Other
1153,Other
1154,Other
1155,Other
1156,Other
1157,Other
1158,Other
1159,Other
1160,Other
1161,Other
1162,Other
1163,Other
1164,Other
1165,Other
1166,Other
1167,Other
1168,Other
1169,Other
1170,Other
1171,Other
1172,Other
1173,Other
1174,Other
1175,Other
1176,Other
1177,Other
1178,Other
1179,Other
1180,Other
1181,Other
1182,Other
1183,Other
1184,Other
1185,Other
1186,Other
1187,Other
1188,Other
1189,Other
1190,Other
1191,Other
1192,Other
1193,Other
1194,Other
1195,Other
1196,Other
1197,Other
1198,Other
1199,Other
1200,Other
1201,Other
1202,Other
1203,Other
1204,Other
1205,Other
1206,Other
1207,Other
1208,Other
1209,Other
1210,Other
1211,Other
1212,Other
1213,Other
1214,Other
1215,Other
1216,Other
1217,Other
1218,Other
1219,Other
1220,Other
1221,Other
1222,Other
1223,Other
1224,Other
1225,Other
1226,Other
1227,Other
1228,Other
1229,Other
1230,Other
1231,Other
1232,Other
1233,Other
1234,Other
1235,Other
1236,Other
1237,Other
1238,Other
1239,Other
1240,Other
1241,Other
1242,Other
1243,Other
1244,Other
1245,Other
1246,Other
1247,Other
1248,Other
1249,Other
1250,Other
1251,Other
1252,Other
1253,Other
1254,Other
1255,Other
1256,Other
1257,Other
1258,Other
1259,Other
1260,Other
1261,Other
1262,Other
1263,Other
1264,Other
1265,Other
1266,Other
1267,Other
1268,Other
1269,Other
1270,Other
1271,Other
1272,Other
1273,Other
1274,Other
1275,Other
1276,Other
1277,Other
1278,Other
1279,Other
1280,Other
1281,Other
1282,Other
1283,Other
1284,Other
1285,Other
1286,Other
1287,Other
1288,Other
1289,Other
1290,Other
1291,Other
1292,Other
1293,Other
1294,Other
1295,Other
1296,Other
1297,Other
1298,Other
1299,Other
1300,Other
1301,Other
1302,Other
1303,Other
1304,Other
1305,Other
1306,Other
1307,Other
1308,Other
1309,Other
1310,Other
1311,Other
1312,Other
1313,Other
1314,Other
1315,Other
1316,Other
1317,Other
1318,Other
1319,Other
1320,Other
1321,Other
1322,Other
1323,Other
1324,Other
1325,Other
1326,Other
1327,Other
1328,Other
1329,Other
1330,Other
1331,Other
1332,Other
1333,Other
1334,Other
1335,Other
1336,Other
1337,Other
1338,Other
1339,Other
1340,Other
1341,Other
1342,Other
1343,Other
1344,Other
1345,Other
1346,Other
1347,Other
1348,Other
1349,Other
1350,Other
1351,Other
1352,Other
1353,Other
1354,Other
1355,Other
1356,Other
1357,Other
1358,Other
1359,Other
1360,Other
1361,Other
1362,Other
1363,Other
1364,Other
1365,Other
1366,Other
1367,Other
1368,Other
1369,Other
1370,Other
1371,Other
1372,Other
1373,Other
1374,Other
1375,Other
1376,Other
1377,Other
1378,Other
1379,Other
1380,Other
1381,Other
1382,Other
1383,Other
1384,Other
1385,Other
1386,Other
1387,Other
1388,Other
1389,Other
1390,Other
1391,Other
1392,Other
1393,Other
1394,Other
1395,Other
1396,Other
1397,Other
1398,Other
1399,Other
1400,Other
1401,Other
1402,Other
1403,Other
1404,Other
1405,Other
1406,Other
1407,Other
1408,Other
1409,Other
1410,Other
1411,Other
1412,Other
1413,Other
1414,Other
1415,Other
1416,Other
1417,Other
1418,Other
1419,Other
1420,Other
1421,Other
1422,Other
1423,Other
1424,Other
1425,Other
1426,Other
1427,Other
1428,Other
1429,Other
1430,Other
1431,Other
1432,Other
1433,Other
1434,Other
1435,Other
1436,Other
1437,Other
1438,Other
1439,Other
1440,Other
1441,Other
1442,Other
1443,Other
1444,Other
1445,Other
1446,Other
1447,Other
1448,Other
1449,Other
1450,Other
1451,Other
1452,Other
1453,Other
1454,Other
1455,Other
1456,Other
1457,Other
1458,Other
1459,Other
1460,Other
1461,Other
1462,Other
1463,Other
1464,Other
1465,Other
1466,Other
1467,Other
1468,Other
1469,Other
1470,Other
1471,Other
1472,Other
1473,Other
1474,Other
1475,Other
1476,Other
1477,Other
1478,Other
1479,Other
1480,Other
1481,Other
1482,Other
1483,Other
1484,Other
1485,Other
1486,Other
1487,Other
1488,Other
1489,Other
1490,Other
1491,Other
1492,Other
1493,Other
1494,Other
1495,Other
1496,Other
1497,Other
1498,Other
1499,Other
1500,Other
1501,Other
1502,Other
1503,Other
1504,Other
1505,Other
1506,Other
1507,Other
1508,Other
1509,Other
1510,Other
1511,Other
1512,Other
1513,Other
1514,Other
1515,Other
1516,Other
1517,Other
1518,Other
1519,Other
1520,Other
1521,Other
1522,Other
1523,Other
1524,Other
1525,Other
1526,Other
1527,Other
1528,Other
1529,Other
1530,Other
1531,Other
1532,Other
1533,Other
1534,Other
1535,Other
1536,Other
1537,Other
1538,Other
1539,Other
1540,Other
1541,Other
1542,Other
1543,Other
1544,Other
1545,Other
1546,Other
1547,Other
1548,Other
1549,Other
1550,Other
1551,Other
1552,Other
1553,Other
1554,Other
1555,Other
1556,Other
1557,Other
1558,Other
1559,Other
1560,Other
1561,Other
1562,Other
1563,Other
1564,Other
1565,Other
1566,Other
1567,Other
1568,Other
1569,Other
1570,Other
1571,Other
1572,Other
1573,Other
1574,Other
1575,Other
1576,Other
1577,Other
1578,Other
1579,Other
1580,Other
1581,Other
1582,Other
1583,Other
1584,Other
1585,Other
1586,Other
1587,Other
1588,Other
1589,Other
1590,Other
1591,Other
1592,Other
1593,Other
1594,Other
1595,Other
1596,Other
1597,Other
1598,Other
1599,Other
1600,Other
1601,Other
1602,Other
1603,Other
1604,Other
1605,Other
1606,Other
1607,Other
1608,Other
1609,Other
1610,Other
1611,Other
1612,Other
1613,Other
1614,Other
1615,Other
1616,Other
1617,Other
1618,Other
1619,Other
1620,Other
1621,Other
1622,Other
1623,Other
1624,Other
1625,Other
1626,Other
1627,Other
1628,Other
1629,Other
1630,Other
1631,Other
1632,Other
1633,Other
1634,Other
1635,Other
1636,Other
1637,Other
1638,Other
1639,Other
1640,Other
1641,Other
1642,Other
1643,Other
1644,Other
1645,Other
1646,Other
1647,Other
1648,Other
1649,Other
1650,Other
1651,Other
1652,Other
1653,Other
1654,Other
1655,Other
1656,Other
1657,Other
1658,Other
1659,Other
1660,Other
1661,Other
1662,Other
1663,Other
1664,Other
1665,Other
1666,Other
1667,Other
1668,Other
1669,Other
1670,Other
1671,Other
1672,Other
1673,Other
1674,Other
1675,Other
1676,Other
1677,Other
1678,Other
1679,Other
1680,Other
1681,Other
1682,Other
1683,Other
1684,Other
1685,Other
1686,Other
1687,Other
1688,Other
1689,Other
1690,Other
1691,Other
1692,Other
1693,Other
1694,Other
1695,Other
1696,Other
1697,Other
1698,Other
1699,Other
1700,Other
1701,Other
1702,Other
1703,Other
1704,Other
1705,Other
1706,Other
1707,Other
1708,Other
1709,Other
1710,Other
1711,Other
1712,Other
1713,Other
1714,Other
1715,Other
1716,Other
1717,Other
1718,Other
1719,Other
1720,Other
1721,Other
1722,Other
1723,Other
1724,Other
1725,Other
1726,Other
1727,Other
1728,Other
1729,Other
1730,Other
1731,Other
1732,Other
1733,Other
1734,Other
1735,Other
1736,Other
1737,Other
1738,Other
1739,Other
1740,Other
1741,Other
1742,Other
1743,Other
1744,Other
1745,Other
1746,Other
1747,Other
1748,Other
1749,Other
1750,Other
1751,Other
1752,Other
1753,Other
1754,Other
1755,Other
1756,Other
1757,Other
1758,Other
1759,Other
1760,Other
1761,Other
1762,Other
1763,Other
1764,Other
1765,Other
1766,Other
1767,Other
1768,Other
1769,Other
1770,Other
1771,Other
1772,Other
1773,Other
1774,Other
1775,Other
1776,Other
1777,Other
1778,Other
1779,Other
1780,Other
1781,Other
1782,Other
1783,Other
1784,Other
1785,Other
1786,Other
1787,Other
1788,Other
1789,Other
1790,Other
1791,Other
1792,Other
1793,Other
1794,Other
1795,Other
1796,Other
1797,Other
1798,Other
1799,Other
1800,Other
1801,Other
1802,Other
1803,Other
1804,Other
1805,Other
1806,Other
1807,Other
1808,Other
1809,Other
1810,Other
1811,Other
1812,Other
1813,Other
1814,Other
1815,Other
1816,Other
1817,Other
1818,Other
1819,Other
1820,Other
1821,Other
1822,Other
1823,Other
1824,Other
1825,Other
1826,Other
1827,Other
1828,Other
1829,Other
1830,Other
1831,Other
1832,Other
1833,Other
1834,Other
1835,Other
1836,Other
1837,Other
1838,Other
1839,Other
1840,Other
1841,Other
1842,Other
1843,Other
1844,Other
1845,Other
1846,Other
1847,Other
1848,Other
1849,Other
1850,Other
1851,Other
1852,Other
1853,Other
1854,Other
1855,Other
1856,Other
1857,Other
1858,Other
1859,Other
1860,Other
1861,Other
1862,Other
1863,Other
1864,Other
1865,Other
1866,Other
1867,Other
1868,Other
1869,Other
1870,Other
1871,Other
1872,Other
1873,Other
1874,Other
1875,Other
1876,Other
1877,Other
1878,Other
1879,Other
1880,Other
1881,Other
1882,Other
1883,Other
1884,Other
1885,Other
1886,Other
1887,Other
1888,Other
1889,Other
1890,Other
1891,Other
1892,Other
1893,Other
1894,Other
1895,Other
1896,Other
1897,Other
1898,Other
1899,Other
1900,Other
1901,Other
1902,Other
1903,Other
1904,Other
1905,Other
1906,Other
1907,Other
1908,Other
1909,Other
1910,Other
1911,Other
1912,Other
1913,Other
1914,Other
1915,Other
1916,Other
1917,Other
1918,Other
1919,Other
1920,Other
1921,Other
1922,Other
1923,Other
1924,Other
1925,Other
1926,Other
1927,Other
1928,Other
1929,Other
1930,Other
1931,Other
1932,Other
1933,Other
1934,Other
1935,Other
1936,Other
1937,Other
1938,Other
1939,Other
1940,Other
1941,Other
1942,Other
1943,Other
1944,Other
1945,Other
1946,Other
1947,Other
1948,Other
1949,Other
1950,Other
1951,Other
1952,Other
1953,Other
1954,Other
1955,Other
1956,Other
1957,Other
1958,Other
1959,Other
1960,Other
1961,Other
1962,Other
1963,Other
1964,Other
1965,Other
1966,Other
1967,Other
1968,Other
1969,Other
1970,Other
1971,Other
1972,Other
1973,Other
1974,Other
1975,Other
1976,Other
1977,Other
1978,Other
1979,Other
1980,Other
1981,Other
1982,Other
1983,Other
1984,Other
1985,Other
1986,Other
1987,Other
1988,Other
1989,Other
1990,Other
1991,Other
1992,Other
1993,Other
1994,Other
1995,Other
1996,Other
1997,Other
1998,Other
1999,Other
2000,Other
2001,Other
2002,Other
2003,Other
2004,Other
2005,Other
2006,Other
2007,Other
2008,Other
2009,Other
2010,Other
2011,Other
2012,Other
2013,Other
2014,Other
2015,Other
2016,Other
2017,Other
2018,Other
2019,Other
2020,Other
2021,Other
2022,Other
2023,Other
2024,Other
2025,Other
2026,Other
2027,Other
2028,Other
2029,Other
2030,Other
2031,Other
2032,Other
2033,Other
2034,Other
2035,Other
2036,Other
2037,Other
2038,Other
2039,Other
2040,Other
2041,Other
2042,Other
2043,Other
2044,Other
2045,Other
2046,Other
2047,Other
2048,Other
2049,Other
2050,Other
2051,Other
2052,Other
2053,Other
2054,Other
2055,Other
2056,Other
2057,Other
2058,Other
2059,Other
2060,Other
2061,Other
2062,Other
2063,Other
2064,Other
2065,Other
2066,Other
2067,Other
2068,Other
2069,Other
2070,Other
2071,Other
2072,Other
2073,Other
2074,Other
2075,Other
2076,Other
2077,Other
2078,Other
2079,Other
2080,Other
2081,Other
2082,Other
2083,Other
2084,Other
2085,Other
2086,Other
2087,Other
2088,Other
2089,Other
2090,Other
2091,Other
2092,Other
2093,Other
2094,Other
2095,Other
2096,Other
2097,Other
2098,Other
2099,Other
2100,Other
2101,Other
2102,Other
2103,Other
2104,Other
2105,Other
2106,Other
2107,Other
2108,Other
2109,Other
2110,Other
2111,Other
2112,Other
2113,Other
2114,Other
2115,Other
2116,Other
2117,Other
2118,Other
2119,Other
2120,Other
2121,Other
2122,Other
2123,Other
2124,Other
2125,Other
2126,Other
2127,Other
2128,Other
2129,Other
2130,Other
2131,Other
2132,Other
2133,Other
2134,Bridge
2135,Bridge
2136,Bridge
2137,Bridge
2138,Bridge
2139,Other
2140,Other
2141,Other
2142,Other
2143,Other
2144,Other
2145,Other
2146,Other
2147,Other
2148,Other
2149,Other
2150,Other
2151,Other
2152,Other
2153,Other
2154,Other
2155,Other
2156,Other
2157,Other
2158,Other
2159,Other
2160,Other
2161,Other
2162,Other
2163,Other
2164,Other
2165,Other
2166,Other
2167,Other
2168,Other
2169,Other
2170,Other
2171,Other
2172,Other
2173,Other
2174,Other
2175,Other
2176,Other
2177,Other
2178,Other
2179,Other
2180,Other
2181,Other
2182,Other
2183,Other
2184,Other
2185,Other
2186,Other
2187,Other
2188,Other
2189,Other
2190,Other
2191,Other
2192,Other
2193,Other
2194,Other
2195,Other
2196,Other
2197,Other
2198,Other
2199,Other
2200,Other
2201,Other
2202,Other
2203,Other
2204,Other
2205,Other
2206,Other
2207,Other
2208,Other
2209,Other
2210,Other
2211,Other
2212,Other
2213,Other
2214,Other
2215,Other
2216,Other
2217,Other
2218,Other
2219,Other
2220,Other
2221,Other
2222,Other
2223,Other
2224,Other
2225,Other
2226,Other
2227,Other
2228,Other
2229,Other
2230,Other
2231,Other
2232,Other
2233,Other
2234,Other
2235,Other
2236,Other
2237,Other
2238,Other
2239,Other
2240,Other
2241,Other
2242,Other
2243,Other
2244,Other
2245,Other
2246,Other
2247,Other
2248,Other
2249,Other
2250,Other
2251,Other
2252,Other
2253,Other
2254,Other
2255,Other
2256,Other
2257,Other
2258,Other
2259,Turnout
2260,Turnout
2261,Turnout
2262,Turnout
2263,Turnout
2264,Turnout
2265,Turnout
2266,Turnout
2267,Turnout
2268,Turnout
2269,Other
2270,Other
2271,Other
2272,Other
2273,Other
2274,Other
2275,Other
2276,Other
2277,Other
2278,Other
2279,Other
2280,Other
2281,Other
2282,Other
2283,Other
2284,Other
2285,Other
2286,Other
2287,Other
2288,Other
2289,Other
2290,Other
2291,Other
2292,Other
2293,Other
2294,Other
2295,Other
2296,Other
2297,Other
2298,Other
2299,Other
2300,Other
2301,Other
2302,Other
2303,Other
2304,Other
2305,Other
2306,Other
2307,Other
2308,Other
2309,Other
2310,Other
2311,Other
2312,Other
2313,Other
2314,Other
2315,Other
2316,Other
2317,Other
2318,Other
2319,Other
2320,Other
2321,Other
2322,Other
2323,Other
2324,Other
2325,Other
2326,Other
2327,Other
2328,Other
2329,Other
2330,Other
2331,Other
2332,Other
2333,Other
2334,Other
2335,Other
2336,Other
2337,Other
2338,Other
2339,Other
2340,Other
2341,Other
2342,Other
2343,Other
2344,Other
2345,Other
2346,Other
2347,Other
2348,Other
2349,Other
2350,Other
2351,Other
2352,Other
2353,Other
2354,Other
2355,Other
2356,Other
2357,Other
2358,Other
2359,Other
2360,Other
2361,Other
2362,Other
2363,Other
2364,Other
2365,Other
2366,Other
2367,Other
2368,Other
2369,Other
2370,Other
2371,Other
2372,Other
2373,Other
2374,Other
2375,Other
2376,Other
2377,Other
2378,Other
2379,Other
2380,Other
2381,Other
2382,Other
2383,Other
2384,Other
2385,Other
2386,Other
2387,Other
2388,Other
2389,Other
2390,Other
2391,Other
2392,Other
2393,Other
2394,Other
2395,Other
2396,Other
2397,Other
2398,Other
2399,Other
2400,Other
2401,Other
2402,Other
2403,Other
2404,Other
2405,Other
2406,Other
2407,Other
2408,Other
2409,Other
2410,Other
2411,Other
2412,Other
2413,Other
2414,Other
2415,Other
2416,Other
2417,Other
2418,Other
2419,Other
2420,Other
2421,Other
2422,Other
2423,Other
2424,Other
2425,Other
2426,Other
2427,Other
2428,Other
2429,Other
2430,Other
2431,Other
2432,Other
2433,Other
2434,Other
2435,Other
2436,Other
2437,Other
2438,Other
2439,Other
2440,Other
2441,Other
2442,Other
2443,Other
2444,Other
2445,Other
2446,Other
2447,Other
2448,Other
2449,Other
2450,Other
2451,Other
2452,Other
2453,Other
2454,Other
2455,Other
2456,Other
2457,Other
2458,Other
2459,Other
2460,Other
2461,Other
2462,Other
2463,Other
2464,Other
2465,Other
2466,Other
2467,Other
2468,Other
2469,Other
2470,Other
2471,Other
2472,Other
2473,Other
2474,Other
2475,Other
2476,Other
2477,Other
2478,Other
2479,Other
2480,Other
2481,Other
2482,Other
2483,Other
2484,Other
2485,Other
2486,Other
2487,Other
2488,Other
2489,Other
2490,Other
2491,Other
2492,Other
2493,Other
2494,Other
2495,Other
2496,Other
2497,Other
2498,Other
2499,Other
2500,Other
2501,Other
2502,Other
2503,Other
2504,Other
2505,Other
2506,Other
2507,Other
2508,Other
2509,Other
2510,Other
2511,Other
2512,Other
2513,Other
2514,Other
2515,Other
2516,Other
2517,Other
2518,Other
2519,Other
2520,Other
2521,Other
2522,Other
2523,Other
2524,Other
2525,Other
2526,Other
2527,Other
2528,Other
2529,Other
2530,Other
2531,Other
2532,Other
2533,Other
2534,Other
2535,Other
2536,Other
2537,Other
2538,Other
2539,Other
2540,Other
2541,Other
2542,Other
2543,Other
2544,Other
2545,Other
2546,Other
2547,Other
2548,Other
2549,Other
2550,Other
2551,Other
2552,Other
2553,Other
2554,Other
2555,Other
2556,Other
2557,Other
2558,Other
2559,Other
2560,Other
2561,Other
2562,Other
2563,Other
2564,Other
2565,Other
2566,Other
2567,Other
2568,Other
2569,Other
2570,Other
2571,Other
2572,Other
2573,Other
2574,Other
2575,Other
2576,Other
2577,Other
2578,Other
2579,Other
2580,Other
2581,Other
2582,Other
2583,Other
2584,Other
2585,Other
2586,Other
2587,Other
2588,Other
2589,Other
2590,Other
2591,Other
2592,Other
2593,Other
2594,Other
2595,Other
2596,Other
2597,Other
2598,Other
2599,Other
2600,Other
2601,Other
2602,Other
2603,Other
2604,Other
2605,Other
2606,Other
2607,Other
2608,Other
2609,Other
2610,Other
2611,Other
2612,Other
2613,Other
2614,Other
2615,Other
2616,Other
2617,Other
2618,Other
2619,Other
2620,Other
2621,Other
2622,Other
2623,Other
2624,Other
2625,Other
2626,Other
2627,Other
2628,Other
2629,Other
2630,Other
2631,Other
2632,Other
2633,Other
2634,Other
2635,Other
2636,Other
2637,Other
2638,Other
2639,Other
2640,Other
2641,Other
2642,Other
2643,Other
2644,Other
2645,Other
2646,Other
2647,Other
2648,Other
2649,Other
2650,Other
2651,Other
2652,Other
2653,Other
2654,Other
2655,Other
2656,Other
2657,Other
2658,Other
2659,Other
2660,Other
2661,Other
2662,Other
2663,Other
2664,Other
2665,Other
2666,Other
2667,Other
2668,Other
2669,Other
2670,Other
2671,Other
2672,Other
2673,Other
2674,Other
2675,Other
2676,Other
2677,Other
2678,Other
2679,Other
2680,Other
2681,Other
2682,Other
2683,Other
2684,Other
2685,Other
2686,Other
2687,Other
2688,Other
2689,Other
2690,Other
2691,Other
2692,Other
2693,Other
2694,Other
2695,Other
2696,Other
2697,Other
2698,Other
2699,Other
2700,Other
2701,Other
2702,Other
2703,Other
2704,Other
2705,Other
2706,Other
2707,Other
2708,Other
2709,Other
2710,Other
2711,Other
2712,Other
2713,Other
2714,Other
2715,Other
2716,Other
2717,Other
2718,Other
2719,Other
2720,Other
2721,Other
2722,Other
2723,Other
2724,Other
2725,Other
2726,Other
2727,Other
2728,Other
2729,Other
2730,Other
2731,Other
2732,Other
2733,Other
2734,Other
2735,Other
2736,Other
2737,Other
2738,Other
2739,Other
2740,Other
2741,Other
2742,Other
2743,Other
2744,Other
2745,Other
2746,Other
2747,Other
2748,Other
2749,Other
2750,Other
2751,Other
2752,Other
2753,Other
2754,Other
2755,Other
2756,Other
2757,Other
2758,Other
2759,Other
2760,Other
2761,Other
2762,Other
2763,Other
2764,Other
2765,Other
2766,Other
2767,Other
2768,Other
2769,Other
2770,Other
2771,Other
2772,Other
2773,Other
2774,Other
2775,Other
2776,Other
2777,Other
2778,Other
2779,Other
2780,Other
2781,Other
2782,Other
2783,Other
2784,Other
2785,Other
2786,Other
2787,Other
2788,Other
2789,Other
2790,Other
2791,Other
2792,Other
2793,Other
2794,Other
2795,Other
2796,Other
2797,Other
2798,Other
2799,Other
2800,Other
2801,Other
2802,Other
2803,Other
2804,Other
2805,Other
2806,Other
2807,Other
2808,Other
2809,Other
2810,Other
2811,Turnout
2812,Turnout
2813,Turnout
2814,Turnout
2815,Turnout
2816,Turnout
2817,Turnout
2818,Turnout
2819,Turnout
2820,Turnout
2821,Turnout
2822,Other
2823,Other
2824,Other
2825,Other
2826,Other
2827,Other
2828,Other
2829,Other
2830,Other
2831,Other
2832,Other
2833,Other
2834,Other
2835,Other
2836,Other
2837,Other
2838,Other
2839,Other
2840,Other
2841,Other
2842,Other
2843,Other
2844,Other
2845,Other
2846,Other
2847,Other
2848,Other
2849,Other
2850,Other
2851,Other
2852,Other
2853,Other
2854,Other
2855,Other
2856,Other
2857,Other
2858,Other
2859,Other
2860,Other
2861,Other
2862,Other
2863,Other
2864,Other
2865,Other
2866,Other
2867,Other
2868,Other
2869,Other
2870,Other
2871,Other
2872,Other
2873,Turnout
2874,Turnout
2875,Turnout
2876,Turnout
2877,Turnout
2878,Turnout
2879,Turnout
2880,Turnout
2881,Turnout
2882,Other
2883,Other
2884,Other
2885,Other
2886,Other
2887,Other
2888,Other
2889,Other
2890,Other
2891,Other
2892,Other
2893,Other
2894,Other
2895,Other
2896,Other
2897,Other
2898,Other
2899,Other
2900,Other
2901,Other
2902,Other
2903,Other
2904,Other
2905,Other
2906,Other
2907,Other
2908,Bridge
2909,Bridge
2910,Bridge
2911,Bridge
2912,Bridge
2913,Bridge
2914,Bridge
2915,Bridge
2916,Other
2917,Other
2918,Other
2919,Other
2920,Other
2921,Other
2922,Other
2923,Other
2924,Other
2925,Other
2926,Other
2927,Other
2928,Other
2929,Other
2930,Other
2931,Other
2932,Other
2933,Other
2934,Other
2935,Other
2936,Other
2937,Other
2938,Other
2939,Other
2940,Other
2941,Other
2942,Other
2943,Other
2944,Other
2945,Other
2946,Other
2947,Other
2948,Other
2949,Other
2950,Other
2951,Other
2952,Other
2953,Other
2954,Other
2955,Other
2956,Other
2957,Other
2958,Other
2959,Other
2960,Other
2961,Other
2962,Other
2963,Other
2964,Other
2965,Other
2966,Other
2967,Other
2968,Other
2969,Other
2970,Other
2971,Other
2972,Other
2973,Other
2974,Other
2975,Other
2976,Other
2977,Other
2978,Other
2979,Other
2980,Other
2981,Other
2982,Other
2983,Other
2984,Other
2985,Other
2986,Other
2987,Turnout
2988,Turnout
2989,Turnout
2990,Turnout
2991,Turnout
2992,Turnout
2993,Other
2994,Other
2995,Other
2996,Other
2997,Other
2998,Other
2999,Other
3000,Other
3001,Other
3002,Turnout
3003,Other
3004,Other
3005,Other
3006,Other
3007,Other
3008,Other
3009,Other
3010,Other
3011,Other
3012,Other
3013,Other
3014,Other
3015,Other
3016,Other
3017,Other
3018,Other
3019,Other
3020,Other
3021,Other
3022,Other
3023,Other
3024,Other
3025,Other
3026,Other
3027,Other
3028,Other
3029,Other
3030,Other
3031,Other
3032,Other
3033,Other
3034,Other
3035,Other
3036,Other
3037,Other
3038,Other
3039,Other
3040,Other
3041,Other
3042,Other
3043,Other
3044,Other
3045,Other
3046,Other
3047,Other
3048,Other
3049,Other
3050,Other
3051,Other
3052,Other
3053,Other
3054,Other
3055,Other
3056,Other
3057,Other
3058,Other
3059,Other
3060,Other
3061,Other
3062,Other
3063,Other
3064,Other
3065,Other
3066,Other
3067,Other
3068,Other
3069,Other
3070,Other
3071,Other
3072,Other
3073,Other
3074,Other
3075,Other
3076,Other
3077,Other
3078,Other
3079,Other
3080,Other
3081,Other
3082,Other
3083,Other
3084,Other
3085,Other
3086,Other
3087,Other
3088,Other
3089,Other
3090,Other
3091,Other
3092,Other
3093,Other
3094,Other
3095,Other
3096,Other
3097,Other
3098,Other
3099,Other
3100,Other
3101,Other
3102,Other
3103,Other
3104,Other
3105,Other
3106,Other
3107,Other
3108,Other
3109,Other
3110,Other
3111,Other
3112,Other
3113,Other
3114,Other
3115,Other
3116,Other
3117,Other
3118,Other
3119,Other
3120,Other
3121,Other
3122,Other
3123,Other
3124,Other
3125,Other
3126,Other
3127,Other
3128,Other
3129,Other
3130,Other
3131,Other
3132,Other
3133,Other
3134,Other
3135,Other
3136,Other
3137,Other
3138,Other
3139,Other
3140,Other
3141,Other
3142,Other
3143,Other
3144,Other
3145,Other
3146,Other
3147,Other
3148,Other
3149,Other
3150,Other
3151,Other
3152,Other
3153,Other
3154,Other
3155,Other
3156,Other
3157,Other
3158,Other
3159,Other
3160,Other
3161,Other
3162,Other
3163,Other
3164,Other
3165,Other
3166,Other
3167,Other
3168,Other
3169,Other
3170,Other
3171,Other
3172,Other
3173,Other
3174,Other
3175,Other
3176,Other
3177,Other
3178,Other
3179,Other
3180,Other
3181,Other
3182,Other
3183,Other
3184,Other
3185,Other
3186,Other
3187,Other
3188,Other
3189,Other
3190,Other
3191,Other
3192,Other
3193,Other
3194,Other
3195,Other
3196,Other
3197,Other
3198,Other
3199,Other
3200,Other
3201,Other
3202,Other
3203,Other
3204,Other
3205,Other
3206,Other
3207,Other
3208,Other
3209,Other
3210,Other
3211,Other
3212,Other
3213,Other
3214,Other
3215,Other
3216,Other
3217,Other
3218,Other
3219,Other
3220,Other
3221,Other
3222,Other
3223,Other
3224,Other
3225,Other
3226,Other
3227,Other
3228,Other
3229,Other
3230,Other
3231,Other
3232,Other
3233,Other
3234,Other
3235,Other
3236,Other
3237,Other
3238,Other
3239,Other
3240,Other
3241,Other
3242,Other
3243,Other
3244,Other
3245,Other
3246,Other
3247,Other
3248,Other
3249,Other
3250,Other
3251,Other
3252,Other
3253,Other
3254,Other
3255,Other
3256,Other
3257,Other
3258,Other
3259,Other
3260,Other
3261,Other
3262,Other
3263,Other
3264,Other
3265,Other
3266,Other
3267,Other
3268,Other
3269,Other
3270,Other
3271,Other
3272,Other
3273,Other
3274,Other
3275,Other
3276,Other
3277,Other
3278,Other
3279,Other
3280,Other
3281,Other
3282,Other
3283,Other
3284,Other
3285,Other
3286,Other
3287,Other
3288,Other
3289,Other
3290,Other
3291,Other
3292,Other
3293,Other
3294,Other
3295,Other
3296,Other
3297,Other
3298,Other
3299,Other
3300,Other
3301,Other
3302,Other
3303,Other
3304,Other
3305,Other
3306,Other
3307,Other
3308,Other
3309,Other
3310,Other
3311,Other
3312,Other
3313,Other
3314,Other
3315,Other
3316,Other
3317,Other
3318,Other
3319,Other
3320,Other
3321,Other
3322,Other
3323,Other
3324,Other
3325,Other
3326,Other
3327,Other
3328,Other
3329,Other
3330,Other
3331,Other
3332,Other
3333,Other
3334,Other
3335,Other
3336,Other
3337,Other
3338,Other
3339,Other
3340,Other
3341,Other
3342,Other
3343,Other
3344,Other
3345,Other
3346,Other
3347,Other
3348,Other
3349,Other
3350,Other
3351,Other
3352,Other
3353,Other
3354,Other
3355,Other
3356,Other
3357,Other
3358,Other
3359,Other
3360,Other
3361,Other
3362,Other
3363,Other
3364,Other
3365,Other
3366,Other
3367,Other
3368,Other
3369,Other
3370,Other
3371,Other
3372,Other
3373,Other
3374,Other
3375,Other
3376,Other
3377,Other
3378,Other
3379,Other
3380,Other
3381,Other
3382,Other
3383,Other
3384,Other
3385,Other
3386,Other
3387,Other
3388,Other
3389,Other
3390,Other
3391,Other
3392,Other
3393,Other
3394,Other
3395,Other
3396,Other
3397,Other
3398,Other
3399,Other
3400,Other
3401,Other
3402,Other
3403,Other
3404,Other
3405,Other
3406,Other
3407,Other
3408,Other
3409,Other
3410,Other
3411,Other
3412,Other
3413,Other
3414,Other
3415,Other
3416,Other
3417,Other
3418,Other
3419,Other
3420,Other
3421,Other
3422,Other
3423,Other
3424,Other
3425,Other
3426,Other
3427,Other
3428,Other
3429,Other
3430,Other
3431,Other
3432,Other
3433,Other
3434,Other
3435,Other
3436,Other
3437,Other
3438,Other
3439,Other
3440,Other
3441,Other
3442,Other
3443,Other
3444,Other
3445,Other
3446,Other
3447,Other
3448,Other
3449,Other
3450,Other
3451,Other
3452,Other
3453,Other
3454,Other
3455,Other
3456,Other
3457,Other
3458,Other
3459,Other
3460,Other
3461,Other
3462,Other
3463,Other
3464,Other
3465,Other
3466,Other
3467,Other
3468,Other
3469,Other
3470,Other
3471,Other
3472,Other
3473,Other
3474,Other
3475,Other
3476,Other
3477,Other
3478,Other
3479,Other
3480,Other
3481,Other
3482,Other
3483,Other
3484,Other
3485,Other
3486,Other
3487,Other
3488,Other
3489,Other
3490,Other
3491,Other
3492,Other
3493,Other
3494,Other
3495,Other
3496,Other
3497,Other
3498,Other
3499,Other
3500,Other
3501,Other
3502,Other
3503,Other
3504,Other
3505,Other
3506,Other
3507,Other
3508,Other
3509,Other
3510,Other
3511,Other
3512,Other
3513,Other
3514,Other
3515,Other
3516,Other
3517,Other
3518,Other
3519,Other
3520,Other
3521,Other
3522,Other
3523,Other
3524,Other
3525,Other
3526,Other
3527,Other
3528,Other
3529,Other
3530,Other
3531,Other
3532,Other
3533,Other
3534,Other
3535,Other
3536,Other
3537,Other
3538,Other
3539,Other
3540,Other
3541,Other
3542,Other
3543,Other
3544,Other
3545,Other
3546,Other
3547,Other
3548,Other
3549,Other
3550,Other
3551,Other
3552,Other
3553,Other
3554,Other
3555,Other
3556,Other
3557,Other
3558,Other
3559,Other
3560,Other
3561,Other
3562,Other
3563,Other
3564,Other
3565,Other
3566,Other
3567,Other
3568,Other
3569,Other
3570,Other
3571,Other
3572,Other
3573,Other
3574,Other
3575,Other
3576,Other
3577,Other
3578,Other
3579,Other
3580,Other
3581,Other
3582,Other
3583,Other
3584,Other
3585,Other
3586,Other
3587,Other
3588,Other
3589,Other
3590,Other
3591,Other
3592,Other
3593,Other
3594,Other
3595,Other
3596,Other
3597,Other
3598,Other
3599,Other
3600,Other
3601,Other
3602,Other
3603,Other
3604,Other
3605,Other
3606,Other
3607,Other
3608,Other
3609,Other
3610,Other
3611,Other
3612,Other
3613,Other
3614,Other
3615,Other
3616,Other
3617,Other
3618,Other
3619,Other
3620,Other
3621,Other
3622,Other
3623,Other
3624,Other
3625,Other
3626,Other
3627,Other
3628,Other
3629,Other
3630,Other
3631,Other
3632,Other
3633,Other
3634,Other
3635,Other
3636,Other
3637,Other
3638,Other
3639,Other
3640,Other
3641,Other
3642,Other
3643,Other
3644,Other
3645,Other
3646,Other
3647,Other
3648,Other
3649,Other
3650,Other
3651,Other
3652,Other
3653,Other
3654,Other
3655,Other
3656,Other
3657,Other
3658,Other
3659,Other
3660,Other
3661,Other
3662,Other
3663,Other
3664,Other
3665,Other
3666,Other
3667,Other
3668,Other
3669,Other
3670,Other
3671,Other
3672,Other
3673,Other
3674,Other
3675,Other
3676,Other
3677,Other
3678,Other
3679,Other
3680,Other
3681,Other
3682,Other
3683,Other
3684,Other
3685,Other
3686,Other
3687,Other
3688,Other
3689,Other
3690,Other
3691,Other
3692,Other
3693,Other
3694,Other
3695,Other
3696,Other
3697,Other
3698,Other
3699,Other
3700,Other
3701,Other
3702,Other
3703,Other
3704,Other
3705,Other
3706,Other
3707,Other
3708,Other
3709,Other
3710,Other
3711,Other
3712,Other
3713,Other
3714,Other
3715,Other
3716,Other
3717,Other
3718,Other
3719,Other
3720,Other
3721,Other
3722,Other
3723,Other
3724,Other
3725,Other
3726,Other
3727,Other
3728,Other
3729,Other
3730,Other
3731,Other
3732,Other
3733,Other
3734,Other
3735,Other
3736,Other
3737,Other
3738,Other
3739,Other
3740,Other
3741,Other
3742,Other
3743,Other
3744,Other
3745,Other
3746,Other
3747,Other
3748,Other
3749,Other
3750,Other
3751,Other
3752,Other
3753,Other
3754,Other
3755,Other
3756,Other
3757,Other
3758,Other
3759,Other
3760,Other
3761,Other
3762,Other
3763,Other
3764,Other
3765,Other
3766,Other
3767,Other
3768,Other
3769,Other
3770,Other
3771,Other
3772,Other
3773,Other
3774,Other
3775,Other
3776,Other
3777,Other
3778,Other
3779,Other
3780,Other
3781,Other
3782,Other
3783,Other
3784,Other
3785,Other
3786,Other
3787,Other
3788,Other
3789,Other
3790,Other
3791,Other
3792,Other
3793,Other
3794,Other
3795,Other
3796,Other
3797,Other
3798,Other
3799,Other
3800,Other
3801,Other
3802,Other
3803,Other
3804,Other
3805,Other
3806,Other
3807,Other
3808,Other
3809,Other
3810,Other
3811,Other
3812,Other
3813,Other
3814,Other
3815,Other
3816,Other
3817,Other
3818,Other
3819,Other
3820,Other
3821,Other
3822,Other
3823,Other
3824,Other
3825,Other
3826,Other
3827,Other
3828,Other
3829,Other
3830,Other
3831,Other
3832,Other
3833,Other
3834,Other
3835,Other
3836,Other
3837,Other
3838,Other
3839,Other
3840,Other
3841,Other
3842,Other
3843,Other
3844,Other
3845,Other
3846,Other
3847,Other
3848,Other
3849,Other
3850,Other
3851,Other
3852,Other
3853,Other
3854,Other
3855,Other
3856,Other
3857,Other
3858,Other
3859,Other
3860,Other
3861,Other
3862,Other
3863,Other
3864,Other
3865,Other
3866,Other
3867,Other
3868,Other
3869,Other
3870,Other
3871,Other
3872,Other
3873,Other
3874,Other
3875,Other
3876,Other
3877,Other
3878,Other
3879,Other
3880,Other
3881,Other
3882,Other
3883,Other
3884,Other
3885,Other
3886,Other
3887,Other
3888,Other
3889,Other
3890,Other
3891,Other
3892,Other
3893,Other
3894,Other
3895,Other
3896,Other
3897,Other
3898,Other
3899,Other
3900,Other
3901,Other
3902,Other
3903,Other
3904,Other
3905,Other
3906,Other
3907,Other
3908,Other
3909,Other
3910,Other
3911,Other
3912,Other
3913,Other
3914,Other
3915,Other
3916,Other
3917,Other
3918,Other
3919,Other
3920,Other
3921,Other
3922,Other
3923,Other
3924,Other
3925,Other
3926,Other
3927,Other
3928,Other
3929,Other
3930,Other
3931,Other
3932,Other
3933,Other
3934,Other
3935,Other
3936,Other
3937,Other
3938,Other
3939,Other
3940,Other
3941,Other
3942,Other
3943,Other
3944,Other
3945,Other
3946,Other
3947,Other
3948,Other
3949,Other
3950,Other
3951,Other
3952,Other
3953,Other
3954,Other
3955,Other
3956,Other
3957,Other
3958,Other
3959,Other
3960,Other
3961,Other
3962,Other
3963,Other
3964,Other
3965,Other
3966,Other
3967,Other
3968,Other
3969,Other
3970,Other
3971,Other
3972,Other
3973,Other
3974,Other
3975,Other
3976,Other
3977,Other
3978,Other
3979,Other
3980,Other
3981,Other
3982,Other
3983,Other
3984,Other
3985,Other
3986,Other
3987,Other
3988,Other
3989,Other
3990,Other
3991,Other
3992,Other
3993,Other
3994,Other
3995,Other
3996,Other
3997,Other
3998,Other
3999,Other
4000,Other
4001,Other
4002,Other
4003,Other
4004,Other
4005,Other
4006,Other
4007,Other
4008,Other
4009,Other
4010,Other
4011,Other
4012,Other
4013,Other
4014,Other
4015,Other
4016,Other
4017,Other
4018,Other
4019,Other
4020,Other
4021,Other
4022,Other
4023,Other
4024,Other
4025,Other
4026,Other
4027,Other
4028,Other
4029,Other
4030,Other
4031,Other
4032,Other
4033,Other
4034,Other
4035,Other
4036,Other
4037,Other
4038,Other
4039,Other
4040,Other
4041,Other
4042,Other
4043,Other
4044,Other
4045,Other
4046,Other
4047,Other
4048,Other
4049,Other
4050,Other
4051,Other
4052,Other
4053,Other
4054,Other
4055,Other
4056,Other
4057,Other
4058,Other
4059,Other
4060,Other
4061,Other
4062,Other
4063,Other
4064,Other
4065,Other
4066,Other
4067,Other
4068,Other
4069,Other
4070,Other
4071,Other
4072,Other
4073,Other
4074,Other
4075,Other
4076,Other
4077,Other
4078,Other
4079,Other
4080,Other
4081,Other
4082,Other
4083,Other
4084,Other
4085,Other
4086,Other
4087,Other
4088,Other
4089,Other
4090,Other
4091,Other
4092,Other
4093,Other
4094,Other
4095,Other
4096,Other
4097,Other
4098,Other
4099,Other
4100,Other
4101,Other
4102,Other
4103,Other
4104,Other
4105,Other
4106,Other
4107,Other
4108,Other
4109,Other
4110,Other
4111,Other
4112,Other
4113,Other
4114,Other
4115,Other
4116,Other
4117,Other
4118,Other
4119,Other
4120,Other
4121,Other
4122,Other
4123,Other
4124,Other
4125,Other
4126,Other
4127,Other
4128,Other
4129,Other
4130,Other
4131,Other
4132,Other
4133,Other
4134,Other
4135,Other
4136,Other
4137,Other
4138,Other
4139,Other
4140,Other
4141,Other
4142,Other
4143,Other
4144,Other
4145,Other
4146,Other
4147,Other
4148,Other
4149,Other
4150,Other
4151,Other
4152,Other
4153,Other
4154,Other
4155,Other
4156,Other
4157,Other
4158,Other
4159,Other
4160,Other
4161,Other
4162,Other
4163,Other
4164,Other
4165,Other
4166,Other
4167,Other
4168,Other
4169,Other
4170,Other
4171,Other
4172,Other
4173,Other
4174,Other
4175,Other
4176,Other
4177,Other
4178,Other
4179,Other
4180,Other
4181,Other
4182,Other
4183,Other
4184,Other
4185,Other
4186,Other
4187,Other
4188,Other
4189,Other
4190,Other
4191,Other
4192,Other
4193,Other
4194,Other
4195,Other
4196,Other
4197,Other
4198,Other
4199,Other
4200,Other
4201,Other
4202,Other
4203,Other
4204,Other
4205,Other
4206,Other
4207,Other
4208,Other
4209,Other
4210,Other
4211,Other
4212,Other
4213,Other
4214,Other
4215,Other
4216,Other
4217,Other
4218,Other
4219,Other
4220,Other
4221,Other
4222,Other
4223,Other
4224,Other
4225,Other
4226,Other
4227,Other
4228,Other
4229,Other
4230,Other
4231,Other
4232,Other
4233,Other
4234,Other
4235,Other
4236,Other
4237,Other
4238,Other
4239,Other
4240,Other
4241,Other
4242,Other
4243,Other
4244,Other
4245,Other
4246,Other
4247,Other
4248,Other
4249,Other
4250,Other
4251,Other
4252,Other
4253,Other
4254,Other
4255,Other
4256,Other
4257,Other
4258,Other
4259,Other
4260,Other
4261,Other
4262,Other
4263,Other
4264,Other
4265,Other
4266,Other
4267,Other
4268,Other
4269,Other
4270,Other
4271,Other
4272,Other
4273,Other
4274,Other
4275,Other
4276,Other
4277,Other
4278,Other
4279,Other
4280,Other
4281,Other
4282,Other
4283,Other
4284,Other
4285,Other
4286,Other
4287,Other
4288,Other
4289,Other
4290,Other
4291,Other
4292,Other
4293,Other
4294,Other
4295,Other
4296,Other
4297,Other
4298,Other
4299,Other
4300,Other
4301,Other
4302,Other
4303,Other
4304,Other
4305,Other
4306,Other
4307,Other
4308,Other
4309,Other
4310,Other
4311,Other
4312,Other
4313,Other
4314,Other
4315,Other
4316,Other
4317,Other
4318,Other
4319,Other
4320,Other
4321,Other
4322,Other
4323,Other
4324,Other
4325,Other
4326,Other
4327,Other
4328,Other
4329,Other
4330,Other
4331,Other
4332,Other
4333,Other
4334,Other
4335,Other
4336,Other
4337,Other
4338,Other
4339,Other
4340,Other
4341,Other
4342,Other
4343,Other
4344,Other
4345,Other
4346,Other
4347,Other
4348,Other
4349,Other
4350,Other
4351,Other
4352,Other
4353,Other
4354,Other
4355,Other
4356,Other
4357,Other
4358,Other
4359,Other
4360,Other
4361,Other
4362,Other
4363,Other
4364,Other
4365,Other
4366,Other
4367,Other
4368,Other
4369,Other
4370,Other
4371,Other
4372,Other
4373,Other
4374,Other
4375,Other
4376,Other
4377,Other
4378,Other
4379,Other
4380,Other
4381,Other
4382,Other
4383,Other
4384,Other
4385,Other
4386,Other
4387,Other
4388,Other
4389,Other
4390,Other
4391,Other
4392,Other
4393,Other
4394,Other
4395,Other
4396,Other
4397,Other
4398,Other
4399,Other
4400,Other
4401,Other
4402,Other
4403,Other
4404,Other
4405,Other
4406,Other
4407,Other
4408,Other
4409,Other
4410,Other
4411,Other
4412,Other
4413,Other
4414,Other
4415,Other
4416,Other
4417,Other
4418,Other
4419,Other
4420,Other
4421,Other
4422,Other
4423,Other
4424,Other
4425,Other
4426,Other
4427,Other
4428,Other
4429,Other
4430,Other
4431,Other
4432,Other
4433,Other
4434,Other
4435,Other
4436,Other
4437,Other
4438,Other
4439,Other
4440,Other
4441,Other
4442,Other
4443,Other
4444,Other
4445,Other
4446,Other
4447,Other
4448,Other
4449,Other
4450,Other
4451,Other
4452,Other
4453,Other
4454,Other
4455,Other
4456,Other
4457,Other
4458,Other
4459,Other
4460,Other
4461,Other
4462,Other
4463,Other
4464,Other
4465,Other
4466,Other
4467,Other
4468,Other
4469,Other
4470,Other
4471,Other
4472,Other
4473,Other
4474,Other
4475,Other
4476,Other
4477,Other
4478,Other
4479,Other
4480,Other
4481,Other
4482,Other
4483,Other
4484,Other
4485,Other
4486,Other
4487,Other
4488,Other
4489,Other
4490,Other
4491,Other
4492,Other
4493,Other
4494,Other
4495,Other
4496,Other
4497,Other
4498,Other
4499,Other
4500,Other
4501,Other
4502,Other
4503,Other
4504,Other
4505,Other
4506,Other
4507,Other
4508,Other
4509,Other
4510,Other
4511,Other
4512,Other
4513,Other
4514,Other
4515,Other
4516,Other
4517,Other
4518,Other
4519,Other
4520,Other
4521,Other
4522,Other
4523,Other
4524,Other
4525,Other
4526,Other
4527,Other
4528,Other
4529,Other
4530,Other
4531,Other
4532,Other
4533,Other
4534,Other
4535,Other
4536,Other
4537,Other
4538,Other
4539,Other
4540,Other
4541,Other
4542,Other
4543,Other
4544,Other
4545,Other
4546,Other
4547,Other
4548,Other
4549,Other
4550,Other
4551,Other
4552,Other
4553,Other
4554,Other
4555,Other
4556,Other
4557,Other
4558,Other
4559,Other
4560,Other
4561,Other
4562,Other
4563,Other
4564,Other
4565,Other
4566,Other
4567,Other
4568,Other
4569,Other
4570,Other
4571,Other
4572,Other
4573,Other
4574,Other
4575,Other
4576,Other
4577,Other
4578,Other
4579,Other
4580,Other
4581,Other
4582,Other
4583,Other
4584,Other
4585,Other
4586,Other
4587,Other
4588,Other
4589,Other
4590,Other
4591,Other
4592,Other
4593,Other
4594,Other
4595,Other
4596,Other
4597,Other
4598,Other
4599,Other
4600,Other
4601,Other
4602,Other
4603,Other
4604,Other
4605,Other
4606,Other
4607,Other
4608,Other
4609,Other
4610,Other
4611,Other
4612,Other
4613,Other
4614,Other
4615,Other
4616,Other
4617,Other
4618,Other
4619,Other
4620,Other
4621,Other
4622,Other
4623,Other
4624,Other
4625,Other
4626,Other
4627,Other
4628,Other
4629,Other
4630,Other
4631,Other
4632,Other
4633,Other
4634,Other
4635,Other
4636,Other
4637,Other
4638,Other
4639,Other
4640,Other
4641,Other
4642,Other
4643,Other
4644,Other
4645,Other
4646,Other
4647,Other
4648,Other
4649,Other
4650,Other
4651,Other
4652,Other
4653,Other
4654,Other
4655,Other
4656,Other
4657,Other
4658,Other
4659,Other
4660,Other
4661,Other
4662,Other
4663,Other
4664,Other
4665,Other
4666,Other
4667,Other
4668,Other
4669,Other
4670,Other
4671,Other
4672,Other
4673,Other
4674,Other
4675,Other
4676,Other
4677,Other
4678,Other
4679,Other
4680,Other
4681,Other
4682,Other
4683,Other
4684,Other
4685,Other
4686,Other
4687,Other
4688,Other
4689,Other
4690,Other
4691,Other
4692,Other
4693,Other
4694,Other
4695,Other
4696,Other
4697,Other
4698,Other
4699,Other
4700,Other
4701,Other
4702,Other
4703,Other
4704,Other
4705,Other
4706,Other
4707,Other
4708,Other
4709,Other
4710,Other
4711,Other
4712,Other
4713,Other
4714,Other
4715,Other
4716,Other
4717,Other
4718,Other
4719,Other
4720,Other
4721,Other
4722,Other
4723,Other
4724,Other
4725,Other
4726,Other
4727,Other
4728,Other
4729,Other
4730,Other
4731,Other
4732,Other
4733,Other
4734,Other
4735,Other
4736,Other
4737,Other
4738,Other
4739,Other
4740,Other
4741,Other
4742,Other
4743,Other
4744,Other
4745,Other
4746,Other
4747,Other
4748,Other
4749,Other
4750,Other
4751,Other
4752,Other
4753,Other
4754,Other
4755,Other
4756,Other
4757,Other
4758,Other
4759,Other
4760,Other
4761,Other
4762,Other
4763,Other
4764,Other
4765,Other
4766,Other
4767,Other
4768,Other
4769,Other
4770,Other
4771,Other
4772,Other
4773,Other
4774,Other
4775,Other
4776,Other
4777,Other
4778,Other
4779,Other
4780,Other
4781,Other
4782,Other
4783,Other
4784,Other
4785,Other
4786,Other
4787,Other
4788,Other
4789,Other
4790,Other
4791,Other
4792,Other
4793,Other
4794,Other
4795,Other
4796,Other
4797,Other
4798,Other
4799,Other
4800,Other
4801,Other
4802,Other
4803,Other
4804,Other
4805,Other
4806,Other
4807,Other
4808,Other
4809,Other
4810,Other
4811,Other
4812,Other
4813,Other
4814,Other
4815,Other
4816,Other
4817,Other
4818,Other
4819,Other
4820,Other
4821,Other
4822,Other
4823,Other
4824,Other
4825,Other
4826,Other
4827,Other
4828,Other
4829,Other
4830,Other
4831,Other
4832,Other
4833,Other
4834,Other
4835,Other
4836,Other
4837,Other
4838,Other
4839,Other
4840,Other
4841,Other
4842,Other
4843,Other
4844,Other
4845,Other
4846,Other
4847,Other
4848,Other
4849,Other
4850,Other
4851,Other
4852,Other
4853,Other
4854,Other
4855,Other
4856,Other
4857,Other
4858,Other
4859,Other
4860,Other
4861,Other
4862,Other
4863,Other
4864,Other
4865,Other
4866,Other
4867,Other
4868,Other
4869,Other
4870,Other
4871,Other
4872,Other
4873,Other
4874,Other
4875,Other
4876,Other
4877,Other
4878,Other
4879,Other
4880,Other
4881,Other
4882,Other
4883,Other
4884,Other
4885,Other
4886,Other
4887,Other
4888,Other
4889,Other
4890,Other
4891,Other
4892,Other
4893,Other
4894,Other
4895,Other
4896,Other
4897,Other
4898,Other
4899,Other
4900,Other
4901,Other
4902,Other
4903,Other
4904,Other
4905,Other
4906,Other
4907,Other
4908,Other
4909,Other
4910,Other
4911,Other
4912,Other
4913,Other
4914,Other
4915,Other
4916,Other
4917,Other
4918,Other
4919,Other
4920,Other
4921,Other
4922,Other
4923,Other
4924,Other
4925,Other
4926,Other
4927,Other
4928,Other
4929,Other
4930,Other
4931,Other
4932,Other
4933,Other
4934,Other
4935,Other
4936,Other
4937,Other
4938,Other
4939,Other
4940,Other
4941,Other
4942,Other
4943,Other
4944,Other
4945,Other
4946,Other
4947,Other
4948,Other
4949,Other
4950,Other
4951,Other
4952,Other
4953,Other
4954,Other
4955,Other
4956,Other
4957,Other
4958,Other
4959,Other
4960,Other
4961,Other
4962,Other
4963,Other
4964,Other
4965,Other
4966,Other
4967,Other
4968,Other
4969,Other
4970,Other
4971,Other
4972,Other
4973,Other
4974,Other
4975,Other
4976,Other
4977,Other
4978,Other
4979,Other
4980,Other
4981,Other
4982,Other
4983,Other
4984,Other
4985,Other
4986,Other
4987,Other
4988,Other
4989,Other
4990,Other
4991,Other
4992,Other
4993,Other
4994,Other
4995,Other
4996,Other
4997,Other
4998,Other
4999,Other
5000,Other
5001,Other
5002,Other
5003,Other
5004,Other
5005,Other
5006,Other
5007,Other
5008,Other
5009,Other
5010,Other
5011,Other
5012,Other
5013,Other
5014,Other
5015,Other
5016,Other
5017,Other
5018,Other
5019,Other
5020,Other
5021,Other
5022,Other
5023,Other
5024,Other
5025,Other
5026,Other
5027,Other
5028,Other
5029,Other
5030,Other
5031,Other
5032,Other
5033,Other
5034,Other
5035,Other
5036,Other
5037,Other
5038,Other
5039,Other
5040,Other
5041,Other
5042,Other
5043,Other
5044,Other
5045,Other
5046,Other
5047,Other
5048,Other
5049,Other
5050,Other
5051,Other
5052,Other
5053,Other
5054,Other
5055,Other
5056,Other
5057,Other
5058,Other
5059,Other
5060,Other
5061,Other
5062,Other
5063,Other
5064,Other
5065,Other
5066,Other
5067,Other
5068,Other
5069,Other
5070,Other
5071,Other
5072,Other
5073,Other
5074,Other
5075,Other
5076,Other
5077,Other
5078,Other
5079,Other
5080,Other
5081,Other
5082,Other
5083,Other
5084,Other
5085,Other
5086,Other
5087,Other
5088,Other
5089,Other
5090,Other
5091,Other
5092,Other
5093,Other
5094,Other
5095,Other
5096,Other
5097,Other
5098,Other
5099,Other
5100,Other
5101,Other
5102,Other
5103,Other
5104,Other
5105,Other
5106,Other
5107,Other
5108,Other
5109,Other
5110,Other
5111,Other
5112,Other
5113,Other
5114,Other
5115,Other
5116,Other
5117,Other
5118,Other
5119,Other
5120,Other
5121,Other
5122,Other
5123,Other
5124,Other
5125,Other
5126,Other
5127,Other
5128,Other
5129,Other
5130,Other
5131,Other
5132,Other
5133,Other
5134,Other
5135,Other
5136,Other
5137,Other
5138,Other
5139,Other
5140,Other
5141,Other
5142,Other
5143,Other
5144,Other
5145,Other
5146,Other
5147,Other
5148,Other
5149,Other
5150,Other
5151,Other
5152,Other
5153,Other
5154,Other
5155,Other
5156,Other
5157,Other
5158,Other
5159,Other
5160,Other
5161,Other
5162,Other
5163,Other
5164,Other
5165,Other
5166,Other
5167,Other
5168,Other
5169,Other
5170,Other
5171,Other
5172,Other
5173,Other
5174,Other
5175,Other
5176,Other
5177,Other
5178,Other
5179,Other
5180,Other
5181,Other
5182,Other
5183,Other
5184,Other
5185,Other
5186,Other
5187,Other
5188,Other
5189,Other
5190,Other
5191,Other
5192,Other
5193,Other
5194,Other
5195,Other
5196,Other
5197,Other
5198,Other
5199,Other
5200,Other
5201,Other
5202,Other
5203,Other
5204,Other
5205,Other
5206,Other
5207,Other
5208,Other
5209,Other
5210,Other
5211,Other
5212,Other
5213,Other
5214,Other
5215,Other
5216,Other
5217,Other
5218,Other
5219,Other
5220,Other
5221,Other
5222,Other
5223,Other
5224,Other
5225,Other
5226,Other
5227,Other
5228,Other
5229,Other
5230,Other
5231,Other
5232,Other
5233,Other
5234,Other
5235,Other
5236,Other
5237,Other
5238,Other
5239,Other
5240,Other
5241,Other
5242,Other
5243,Other
5244,Other
5245,Other
5246,Other
5247,Other
5248,Other
5249,Other
5250,Other
5251,Other
5252,Other
5253,Other
5254,Other
5255,Other
5256,Other
5257,Other
5258,Other
5259,Other
5260,Other
5261,Other
5262,Other
5263,RailJoint
5264,RailJoint
5265,RailJoint
5266,RailJoint
5267,RailJoint
5268,RailJoint
5269,RailJoint
5270,Other
5271,Other
5272,Other
5273,Other
5274,Other
5275,Other
5276,Other
5277,Other
5278,Other
5279,Other
5280,Other
5281,Other
5282,Other
5283,Other
5284,Other
5285,Other
5286,Other
5287,Other
5288,Other
5289,Other
5290,Other
5291,Other
5292,Other
5293,Other
5294,Other
5295,Other
5296,Other
5297,Other
5298,Other
5299,Other
5300,Other
5301,Other
5302,Other
5303,Other
5304,Other
5305,Other
5306,Other
5307,Other
5308,Other
5309,Other
5310,Other
5311,Other
5312,Other
5313,Other
5314,Other
5315,Other
5316,Other
5317,Other
5318,Other
5319,Other
5320,Other
5321,Other
5322,Other
5323,Other
5324,Other
5325,Other
5326,Other
5327,Other
5328,Other
5329,Other
5330,Other
5331,Other
5332,Other
5333,Other
5334,Other
5335,Other
5336,Other
5337,Other
5338,Other
5339,Other
5340,Other
5341,Other
5342,Other
5343,Other
5344,Other
5345,Other
5346,Other
5347,Other
5348,Other
5349,Other
5350,Other
5351,Other
5352,Other
5353,Other
5354,Other
5355,Other
5356,Other
5357,Other
5358,Other
5359,Other
5360,Other
5361,Other
5362,Other
5363,Other
5364,Other
5365,Other
5366,Other
5367,Other
5368,Other
5369,Other
5370,Other
5371,Other
5372,Other
5373,Other
5374,Other
5375,Other
5376,Other
5377,Other
5378,Other
5379,Other
5380,Other
5381,Other
5382,Other
5383,Other
5384,Other
5385,Other
5386,Other
5387,Other
5388,Other
5389,Other
5390,Other
5391,Other
5392,Other
5393,Other
5394,Other
5395,Other
5396,Other
5397,Other
5398,Other
5399,Other
5400,Other
5401,Other
5402,Other
5403,Other
5404,Other
5405,Other
5406,Other
5407,Other
5408,Other
5409,Other
5410,Other
5411,Other
5412,Other
5413,Other
5414,Other
5415,Other
5416,Other
5417,Other
5418,Other
5419,Other
5420,Other
5421,Other
5422,Other
5423,Other
5424,Other
5425,Other
5426,Other
5427,Other
5428,Other
5429,Other
5430,Other
5431,Other
5432,Other
5433,Other
5434,Other
5435,Other
5436,Other
5437,Other
5438,Other
5439,Other
5440,Other
5441,Other
5442,Other
5443,Other
5444,Other
5445,Other
5446,Other
5447,Other
5448,Other
5449,Other
5450,Other
5451,Other
5452,Other
5453,Other
5454,Other
5455,Other
5456,Other
5457,Other
5458,Other
5459,Other
5460,Other
5461,Other
5462,Other
5463,Other
5464,Other
5465,Other
5466,Other
5467,Other
5468,Other
5469,Other
5470,Other
5471,Other
5472,Other
5473,Other
5474,Other
5475,Other
5476,Other
5477,Other
5478,Other
5479,Other
5480,Other
5481,Other
5482,Other
5483,Other
5484,Other
5485,Other
5486,Other
5487,Other
5488,Other
5489,Other
5490,Other
5491,Other
5492,Other
5493,Other
5494,Other
5495,Other
5496,Other
5497,Other
5498,Other
5499,Other
5500,Other
5501,Other
5502,Other
5503,Other
5504,Other
5505,Other
5506,Other
5507,Other
5508,Other
5509,Other
5510,Other
5511,Other
5512,Other
5513,Other
5514,Other
5515,Other
5516,Other
5517,Other
5518,Other
5519,Other
5520,Other
5521,Other
5522,Other
5523,Other
5524,Other
5525,Other
5526,Other
5527,Other
5528,Other
5529,Other
5530,Other
5531,Other
5532,Other
5533,Other
5534,Other
5535,Other
5536,Other
5537,Other
5538,Other
5539,Other
5540,Other
5541,Other
5542,Other
5543,Other
5544,Other
5545,Other
5546,Other
5547,Other
5548,Other
5549,Other
5550,Other
5551,Other
5552,Other
5553,Other
5554,Other
5555,Other
5556,Other
5557,Other
5558,Other
5559,Other
5560,Other
5561,Other
5562,Other
5563,Other
5564,Other
5565,Other
5566,Other
5567,Other
5568,Other
5569,Other
5570,Other
5571,Other
5572,Other
5573,Other
5574,Other
5575,Other
5576,Other
5577,Other
5578,Other
5579,Other
5580,Other
5581,Other
5582,Other
5583,Other
5584,Other
5585,Other
5586,Other
5587,Other
5588,Other
5589,Other
5590,Other
5591,Other
5592,Other
5593,Other
5594,Other
5595,Other
5596,Other
5597,Other
5598,Other
5599,Other
5600,Other
5601,Other
5602,Other
5603,Other
5604,Other
5605,Other
5606,Other
5607,Other
5608,Other
5609,Other
5610,Other
5611,Other
5612,Other
5613,Other
5614,Other
5615,Other
5616,Other
5617,Other
5618,Other
5619,Other
5620,Other
5621,Other
5622,Other
5623,Other
5624,Other
5625,Other
5626,Other
5627,Other
5628,Other
5629,Other
5630,Other
5631,Other
5632,Other
5633,Other
5634,Other
5635,Other
5636,Other
5637,Other
5638,Other
5639,Other
5640,Other
5641,Other
5642,Other
5643,Other
5644,Other
5645,Other
5646,Other
5647,Other
5648,Other
5649,Other
5650,Other
5651,Other
5652,Other
5653,Other
5654,Other
5655,Other
5656,Other
5657,Other
5658,Other
5659,Other
5660,Other
5661,Other
5662,Other
5663,Other
5664,Other
5665,Other
5666,Other
5667,Other
5668,Other
5669,Other
5670,Other
5671,Other
5672,Other
5673,Other
5674,Other
5675,Other
5676,Other
5677,Other
5678,Other
5679,Other
5680,Other
5681,Other
5682,Other
5683,Other
5684,Other
5685,Other
5686,Other
5687,Other
5688,Other
5689,Other
5690,Other
5691,Other
5692,Other
5693,Other
5694,Other
5695,Other
5696,Other
5697,Other
5698,Other
5699,Other
5700,Other
5701,Other
5702,Other
5703,Other
5704,Other
5705,Other
5706,Other
5707,Other
5708,Other
5709,Other
5710,Other
5711,Other
5712,Other
5713,Other
5714,Other
5715,Other
5716,Other
5717,Other
5718,Other
5719,Other
5720,Other
5721,Other
5722,Other
5723,Other
5724,Other
5725,Other
5726,Other
5727,Other
5728,Other
5729,Other
5730,Other
5731,Other
5732,Other
5733,Other
5734,Other
5735,Other
5736,Other
5737,Other
5738,Other
5739,Other
5740,Other
5741,Other
5742,Other
5743,Other
5744,Other
5745,Other
5746,Other
5747,Other
5748,Other
5749,Other
5750,Other
5751,Other
5752,Other
5753,Other
5754,Other
5755,Other
5756,Other
5757,Other
5758,Other
5759,Other
5760,Other
5761,Other
5762,Other
5763,Other
5764,Other
5765,Other
5766,Other
5767,Other
5768,Other
5769,Other
5770,Other
5771,Other
5772,Other
5773,Other
5774,Other
5775,Other
5776,Other
5777,Other
5778,Other
5779,Other
5780,Other
5781,Other
5782,Other
5783,Other
5784,Other
5785,Other
5786,Other
5787,Other
5788,Other
5789,Other
5790,Other
5791,Other
5792,Other
5793,Other
5794,Other
5795,Other
5796,Other
5797,Other
5798,Other
5799,Other
5800,Other
5801,Other
5802,Other
5803,Other
5804,Other
5805,Other
5806,Other
5807,Other
5808,Other
5809,Other
5810,Other
5811,Other
5812,Other
5813,Other
5814,Other
5815,Other
5816,Other
5817,Other
5818,Other
5819,Other
5820,Other
5821,Other
5822,Other
5823,Other
5824,Other
5825,Other
5826,Other
5827,Other
5828,Other
5829,Other
5830,Other
5831,Other
5832,Other
5833,Other
5834,Other
5835,Other
5836,Other
5837,Other
5838,Other
5839,Other
5840,Other
5841,Other
5842,Other
5843,Other
5844,Other
5845,Other
5846,Other
5847,Other
5848,Other
5849,Other
5850,Other
5851,Other
5852,Other
5853,Other
5854,Other
5855,Other
5856,Other
5857,Other
5858,Other
5859,Other
5860,Other
5861,Other
5862,Other
5863,Other
5864,Other
5865,Other
5866,Other
5867,Other
5868,Other
5869,Other
5870,Other
5871,Other
5872,Other
5873,Other
5874,Other
5875,Other
5876,Other
5877,Other
5878,Other
5879,Other
5880,Other
5881,Other
5882,Other
5883,Other
5884,Other
5885,Other
5886,Other
5887,Other
5888,Other
5889,Other
5890,Other
5891,Other
5892,Other
5893,Other
5894,Other
5895,Other
5896,Other
5897,Other
5898,Other
5899,Other
5900,Other
5901,Other
5902,Other
5903,Other
5904,Other
5905,Other
5906,Other
5907,Other
5908,Other
5909,Other
5910,Other
5911,Other
5912,Other
5913,Other
5914,Other
5915,Other
5916,Other
5917,Other
5918,Other
5919,Other
5920,Other
5921,Other
5922,Other
5923,Other
5924,Other
5925,Other
5926,Other
5927,Other
5928,Other
5929,Other
5930,Other
5931,Other
5932,Other
5933,Other
5934,Other
5935,Other
5936,Other
5937,Other
5938,Other
5939,Other
5940,Other
5941,Other
5942,Other
5943,Other
5944,Other
5945,Other
5946,Other
5947,Other
5948,Other
5949,Other
5950,Other
5951,Other
5952,Other
5953,Other
5954,Other
5955,Other
5956,Other
5957,Other
5958,Other
5959,Other
5960,Other
5961,Other
5962,Other
5963,Other
5964,Other
5965,Other
5966,Other
5967,Other
5968,Other
5969,Other
5970,Other
5971,Other
5972,Other
5973,Other
5974,Other
5975,Other
5976,Other
5977,Other
5978,Other
5979,Other
5980,Other
5981,Other
5982,Other
5983,Other
5984,Other
5985,Other
5986,Other
5987,Other
5988,Other
5989,Other
5990,Other
5991,Other
5992,Other
5993,Other
5994,Other
5995,Other
5996,Other
5997,Other
5998,Other
5999,Other
6000,Other
6001,Other
6002,Other
6003,Other
6004,Other
6005,Other
6006,Other
6007,Other
6008,Other
6009,Other
6010,Other
6011,Other
6012,Other
6013,Other
6014,Other
6015,Other
6016,Other
6017,Other
6018,Other
6019,Other
6020,Other
6021,Other
6022,Other
6023,Other
6024,Other
6025,Other
6026,Other
6027,Other
6028,Other
6029,Other
6030,Other
6031,Other
6032,Other
6033,Other
6034,Other
6035,Other
6036,Other
6037,Other
6038,Other
6039,Other
6040,Other
6041,Other
6042,Other
6043,Other
6044,Other
6045,Other
6046,Other
6047,Other
6048,Other
6049,Other
6050,Other
6051,Other
6052,Other
6053,Other
6054,Other
6055,Other
6056,Other
6057,Other
6058,Other
6059,Other
6060,Other
6061,Other
6062,Other
6063,Other
6064,Other
6065,Other
6066,Other
6067,Other
6068,Other
6069,Other
6070,Other
6071,Other
6072,Other
6073,Other
6074,Other
6075,Other
6076,Other
6077,Other
6078,Other
6079,Other
6080,Other
6081,Other
6082,Other
6083,Other
6084,Other
6085,Other
6086,Other
6087,Other
6088,Other
6089,Other
6090,Other
6091,Other
6092,Other
6093,Other
6094,Other
6095,Other
6096,Other
6097,Other
6098,Other
6099,Other
6100,Other
6101,Other
6102,Other
6103,Other
6104,Other
6105,Other
6106,Other
6107,Other
6108,Other
6109,Other
6110,Other
6111,Other
6112,Other
6113,Other
6114,Other
6115,Other
6116,Other
6117,Other
6118,Other
6119,Other
6120,Other
6121,Other
6122,Other
6123,Other
6124,Other
6125,Other
6126,Other
6127,Other
6128,Other
6129,Other
6130,Other
6131,Other
6132,Other
6133,Other
6134,Other
6135,Other
6136,Other
6137,Other
6138,Other
6139,Other
6140,Other
6141,Other
6142,Other
6143,Other
6144,Other
6145,Other
6146,Other
6147,Other
6148,Other
6149,Other
6150,Other
6151,Other
6152,Other
6153,Other
6154,Other
6155,Other
6156,Other
6157,Other
6158,Other
6159,Other
6160,Other
6161,Other
6162,Other
6163,Other
6164,Other
6165,Other
6166,Other
6167,Other
6168,Other
6169,Other
6170,Other
6171,Other
6172,Other
6173,Other
6174,Other
6175,Other
6176,Other
6177,Other
6178,Other
6179,Other
6180,Other
6181,Other
6182,Other
6183,Other
6184,Other
6185,Other
6186,Other
6187,Other
6188,Other
6189,Other
6190,Other
6191,Other
6192,Other
6193,Other
6194,Other
6195,Other
6196,Other
6197,Other
6198,Other
6199,Other
6200,Other
6201,Other
6202,Other
6203,Other
6204,Other
6205,Other
6206,Other
6207,Other
6208,Other
6209,Other
6210,Other
6211,Other
6212,Other
6213,Other
6214,Other
6215,Other
6216,Other
6217,Other
6218,Other
6219,Other
6220,Other
6221,Other
6222,Other
6223,Other
6224,Other
6225,Other
6226,Other
6227,Other
6228,Other
6229,Other
6230,Other
6231,Other
6232,Other
6233,Other
6234,Other
6235,Other
6236,Other
6237,Other
6238,Other
6239,Other
6240,Other
6241,Other
6242,Other
6243,Other
6244,Other
6245,Other
6246,Other
6247,Other
6248,Other
6249,Other
6250,Other
6251,Other
6252,Other
6253,Other
6254,Other
6255,Other
6256,Other
6257,Other
6258,Other
6259,Other
6260,Other
6261,Other
6262,Other
6263,Other
6264,Other
6265,Other
6266,Other
6267,Other
6268,Other
6269,Other
6270,Other
6271,Other
6272,Other
6273,Other
6274,Other
6275,Other
6276,Other
6277,Other
6278,Other
6279,Other
6280,Other
6281,Other
6282,Other
6283,Other
6284,Other
6285,Other
6286,Other
6287,Other
6288,Other
6289,Other
6290,Other
6291,Other
6292,Other
6293,Other
6294,Other
6295,Other
6296,Other
6297,Other
6298,Other
6299,Other
6300,Other
6301,Other
6302,Other
6303,Other
6304,Other
6305,Other
6306,Other
6307,Other
6308,Other
6309,Other
6310,Other
6311,Other
6312,Other
6313,Other
6314,Other
6315,Other
6316,Other
6317,Other
6318,Other
6319,Other
6320,Other
6321,Other
6322,Other
6323,Other
6324,Other
6325,Other
6326,Other
6327,Other
6328,Other
6329,Other
6330,Other
6331,Other
6332,Other
6333,Other
6334,Other
6335,Other
6336,Other
6337,Other
6338,Other
6339,Other
6340,Other
6341,Other
6342,Other
6343,Other
6344,Other
6345,Other
6346,Other
6347,Other
6348,Other
6349,Other
6350,Other
6351,Other
6352,Other
6353,Other
6354,Other
6355,Other
6356,Other
6357,Other
6358,Other
6359,Other
6360,Other
6361,Other
6362,Other
6363,Other
6364,Other
6365,Other
6366,Other
6367,Other
6368,Other
6369,Other
6370,Other
6371,Other
6372,Other
6373,Other
6374,Other
6375,Other
6376,Other
6377,Other
6378,Other
6379,Other
6380,Other
6381,Other
6382,Other
6383,Other
6384,Other
6385,Other
6386,Other
6387,Other
6388,Other
6389,Other
6390,Other
6391,Other
6392,Other
6393,Other
6394,Other
6395,Other
6396,Other
6397,Other
6398,Other
6399,Other
6400,Other
6401,Other
6402,Other
6403,Other
6404,Other
6405,Other
6406,Other
6407,Other
6408,Other
6409,Other
6410,Other
6411,Other
6412,Other
6413,Other
6414,Other
6415,Other
6416,Other
6417,Other
6418,Other
6419,Other
6420,Other
6421,Other
6422,Other
6423,Other
6424,Other
6425,Other
6426,Other
6427,Other
6428,Other
6429,Other
6430,Other
6431,Other
6432,Other
6433,Other
6434,Other
6435,Other
6436,Other
6437,Other
6438,Other
6439,Other
6440,Other
6441,Other
6442,Other
6443,Other
6444,Other
6445,Other
6446,Other
6447,Other
6448,Other
6449,Other
6450,Other
6451,Other
6452,Other
6453,Other
6454,Other
6455,Other
6456,Other
6457,Other
6458,Other
6459,Other
6460,Other
6461,Other
6462,Other
6463,Other
6464,Other
6465,Other
6466,Other
6467,Other
6468,Other
6469,Other
6470,Other
6471,Other
6472,Other
6473,Other
6474,Other
6475,Other
6476,Other
6477,Other
6478,Other
6479,Other
6480,Other
6481,Other
6482,Other
6483,Other
6484,Other
6485,Other
6486,Other
6487,Other
6488,Other
6489,Other
6490,Other
6491,Other
6492,Other
6493,Other
6494,Other
6495,Other
6496,Other
6497,Other
6498,Other
6499,Other
6500,Other
6501,Other
6502,Other
6503,Other
6504,Other
6505,Other
6506,Other
6507,Other
6508,Other
6509,Other
6510,Other
6511,Other
6512,Other
6513,Other
6514,Other
6515,Other
6516,Other
6517,Other
6518,Other
6519,Other
6520,Other
6521,Other
6522,Other
6523,Other
6524,Other
6525,Other
6526,Other
6527,Other
6528,Other
6529,Other
6530,Other
6531,Other
6532,Other
6533,Other
6534,Other
6535,Other
6536,Other
6537,Other
6538,Other
6539,Other
6540,Other
6541,Other
6542,Other
6543,Other
6544,Other
6545,Other
6546,Other
6547,Other
6548,Other
6549,Other
6550,Other
6551,Other
6552,Other
6553,Other
6554,Other
6555,Other
6556,Other
6557,Other
6558,Other
6559,Other
6560,Other
6561,Other
6562,Other
6563,Other
6564,Other
6565,Other
6566,Other
6567,Other
6568,Other
6569,Other
6570,Other
6571,Other
6572,Other
6573,Other
6574,Other
6575,Other
6576,Other
6577,Other
6578,Other
6579,Other
6580,Other
6581,Other
6582,Other
6583,Other
6584,Other
6585,Other
6586,Other
6587,Other
6588,Other
6589,Other
6590,Other
6591,Other
6592,Other
6593,Other
6594,Other
6595,Other
6596,Other
6597,Other
6598,Other
6599,Other
6600,Other
6601,Other
6602,Other
6603,Other
6604,Other
6605,Other
6606,Other
6607,Other
6608,Other
6609,Other
6610,Other
6611,Other
6612,Other
6613,Other
6614,Other
6615,Other
6616,Other
6617,Other
6618,Other
6619,Other
6620,Other
6621,Other
6622,Other
6623,Other
6624,Other
6625,Other
6626,Other
6627,Other
6628,Other
6629,Other
6630,Other
6631,Other
6632,Other
6633,Other
6634,Other
6635,Other
6636,Other
6637,Other
6638,Other
6639,Other
6640,Other
6641,Other
6642,Other
6643,Other
6644,Other
6645,Other
6646,Other
6647,Other
6648,Other
6649,Other
6650,Other
6651,Other
6652,Other
6653,Other
6654,Other
6655,Other
6656,Other
6657,Other
6658,Other
6659,Other
6660,Other
6661,Other
6662,Other
6663,Other
6664,Other
6665,Other
6666,Other
6667,Other
6668,Other
6669,Other
6670,Other
6671,Other
6672,Other
6673,Other
6674,Other
6675,Other
6676,Other
6677,Other
6678,Other
6679,Other
6680,Other
6681,Other
6682,Other
6683,Other
6684,Other
6685,Other
6686,Other
6687,Other
6688,Other
6689,Other
6690,Other
6691,Other
6692,Other
6693,Other
6694,Other
6695,Other
6696,Other
6697,Other
6698,Other
6699,Other
6700,Other
6701,Other
6702,Other
6703,Other
6704,Other
6705,Other
6706,Other
6707,Other
6708,Other
6709,Other
6710,Other
6711,Other
6712,Other
6713,Other
6714,Other
6715,Other
6716,Other
6717,Other
6718,Other
6719,Other
6720,Other
6721,Other
6722,Other
6723,Other
6724,Other
6725,Other
6726,Other
6727,Other
6728,Other
6729,Other
6730,Other
6731,Other
6732,Other
6733,Other
6734,Other
6735,Other
6736,Other
6737,Other
6738,Other
6739,Other
6740,Other
6741,Other
6742,Other
6743,Other
6744,Other
6745,Other
6746,Other
6747,Other
6748,Other
6749,Other
6750,Other
6751,Other
6752,Other
6753,Other
6754,Other
6755,Other
6756,Other
6757,Other
6758,Other
6759,Other
6760,Other
6761,Other
6762,Other
6763,Other
6764,Other
6765,Other
6766,Other
6767,Other
6768,Other
6769,Other
6770,Other
6771,Other
6772,Other
6773,Other
6774,Other
6775,Other
6776,Other
6777,Other
6778,Other
6779,Other
6780,Other
6781,Other
6782,Other
6783,Other
6784,Other
6785,Other
6786,Other
6787,Other
6788,Other
6789,Other
6790,Other
6791,Other
6792,Other
6793,Other
6794,Other
6795,Other
6796,Other
6797,Other
6798,Other
6799,Other
6800,Other
6801,Other
6802,Other
6803,Other
6804,Other
6805,Other
6806,Other
6807,Other
6808,Other
6809,Other
6810,Other
6811,Other
6812,Other
6813,Other
6814,Other
6815,Other
6816,Other
6817,Other
6818,Other
6819,Other
6820,Other
6821,Other
6822,Other
6823,Other
6824,Other
6825,Other
6826,Other
6827,Other
6828,Other
6829,Other
6830,Other
6831,Other
6832,Other
6833,Other
6834,Other
6835,Other
6836,Other
6837,Other
6838,Other
6839,Other
6840,Other
6841,Other
6842,Other
6843,Other
6844,Other
6845,Other
6846,Other
6847,Other
6848,Other
6849,Other
6850,Other
6851,Other
6852,Other
6853,Other
6854,Other
6855,Other
6856,Other
6857,Other
6858,Other
6859,Other
6860,Other
6861,Other
6862,Other
6863,Other
6864,Other
6865,Other
6866,Other
6867,Other
6868,Other
6869,Other
6870,Other
6871,Other
6872,Other
6873,Other
6874,Other
6875,Other
6876,Other
6877,Other
6878,Other
6879,Other
6880,Other
6881,Other
6882,Other
6883,Other
6884,Other
6885,Other
6886,Other
6887,Other
6888,Other
6889,Other
6890,Other
6891,Other
6892,Other
6893,Other
6894,Other
6895,Other
6896,Other
6897,Other
6898,Other
6899,Other
6900,Other
6901,Other
6902,Other
6903,Other
6904,Other
6905,Other
6906,Other
6907,Other
6908,Other
6909,Other
6910,Other
6911,Other
6912,Other
6913,Other
6914,Other
6915,Other
6916,Other
6917,Other
6918,Other
6919,Other
6920,Other
6921,Other
6922,Other
6923,Other
6924,Other
6925,Other
6926,Other
6927,Other
6928,Other
6929,Other
6930,Other
6931,Other
6932,Other
6933,Other
6934,Other
6935,Other
6936,Other
6937,Other
6938,Other
6939,Other
6940,Other
6941,Other
6942,Other
6943,Other
6944,Other
6945,Other
6946,Other
6947,Other
6948,Other
6949,Other
6950,Other
6951,Other
6952,Other
6953,Other
6954,Other
6955,Other
6956,Other
6957,Other
6958,Other
6959,Other
6960,Other
6961,Other
6962,Other
6963,Other
6964,Other
6965,Other
6966,Other
6967,Other
6968,Other
6969,Other
6970,Other
6971,Other
6972,Other
6973,Other
6974,Other
6975,Other
6976,Other
6977,Other
6978,Other
6979,Other
6980,Other
6981,Other
6982,Other
6983,Other
6984,Other
6985,Other
6986,Other
6987,Other
6988,Other
6989,Other
6990,Other
6991,Other
6992,Other
6993,Other
6994,Other
6995,Other
6996,Other
6997,Other
6998,Other
6999,Other
7000,Other
7001,Other
7002,Other
7003,Other
7004,Other
7005,Other
7006,Other
7007,Other
7008,Other
7009,Other
7010,Other
7011,Other
7012,Other
7013,Other
7014,Other
7015,Other
7016,Other
7017,Other
7018,Other
7019,Other
7020,Other
7021,Other
7022,Other
7023,Other
7024,Other
7025,Other
7026,Other
7027,Other
7028,Other
7029,Other
7030,Other
7031,Other
7032,Other
7033,Other
7034,Other
7035,Other
7036,Other
7037,Other
7038,Other
7039,Other
7040,Other
7041,Other
7042,Other
7043,Other
7044,Other
7045,Other
7046,Other
7047,Other
7048,Other
7049,Other
7050,Other
7051,Other
7052,Other
7053,Other
7054,Other
7055,Other
7056,Other
7057,Other
7058,Other
7059,Other
7060,Other
7061,Other
7062,Other
7063,Other
7064,Other
7065,Other
7066,Other
7067,Other
7068,Other
7069,Other
7070,Other
7071,Other
7072,Other
7073,Other
7074,Other
7075,Other
7076,Other
7077,Other
7078,Other
7079,Other
7080,Other
7081,Other
7082,Other
7083,Other
7084,Other
7085,Other
7086,Other
7087,Other
7088,Other
7089,Other
7090,Other
7091,Other
7092,Other
7093,Other
7094,Other
7095,Other
7096,Other
7097,Other
7098,Other
7099,Other
7100,Other
7101,Other
7102,Other
7103,Other
7104,Other
7105,Other
7106,Other
7107,Other
7108,Other
7109,Other
7110,Other
7111,Other
7112,Other
7113,Other
7114,Other
7115,Other
7116,Other
7117,Other
7118,Other
7119,Other
7120,Other
7121,Other
7122,Other
7123,Other
7124,Other
7125,Other
7126,Other
7127,Other
7128,Other
7129,Other
7130,Other
7131,Other
7132,Other
7133,Other
7134,Other
7135,Other
7136,Other
7137,Other
7138,Other
7139,Other
7140,Other
7141,Other
7142,Other
7143,Other
7144,Other
7145,Other
7146,Other
7147,Other
7148,Other
7149,Other
7150,Other
7151,Other
7152,Other
7153,Other
7154,Other
7155,Other
7156,Other
7157,Other
7158,Other
7159,Other
7160,Other
7161,Other
7162,Other
7163,Other
7164,Other
7165,Other
7166,Other
7167,Other
7168,Other
7169,Other
7170,Other
7171,Other
7172,Other
7173,Other
7174,Other
7175,Other
7176,Other
7177,Other
7178,Other
7179,Other
7180,Other
7181,Other
7182,Other
7183,Other
7184,Other
7185,Other
7186,Other
7187,Other
7188,Other
7189,Other
7190,Other
7191,Other
7192,Other
7193,Other
7194,Other
7195,Other
7196,Other
7197,Other
7198,Other
7199,Other
